left_shoulder_X,left_shoulder_Y,left_shoulder_Z,left_elbow_X,left_elbow_Y,left_elbow_Z,left_wrist_X,left_wrist_Y,left_wrist_Z,left_hand_X,left_hand_Y,left_hand_Z,right_shoulder_X,right_shoulder_Y,right_shoulder_Z,right_elbow_X,right_elbow_Y,right_elbow_Z,right_wrist_X,right_wrist_Y,right_wrist_Z,right_hand_X,right_hand_Y,right_hand_Z,head_X,head_Y,head_Z,shoulder_X,shoulder_Y,shoulder_Z,spine_X,Y,Z,hip_center_X,hip_center_Y,hip_center_Z,left_hip_X,left_hip_Y,left_hip_Z,left_knee_X,left_knee_Y,left_knee_Z,left_ankle_X,left_ankle_Y,left_ankle_Z,left_foot_X,left_foot_Y,left_foot_Z,right_hip_X,right_hip_Y,right_hip_Z,right_knee_X,right_knee_Y,right_knee_Z,right_ankle_X,right_ankle_Y,right_ankle_Z,right_foot_X,right_foot_Y,right_foot_Z
117.0,88.0,-267.0,110.0,117.0,-272.0,114.0,149.0,-253.0,114.0,156.0,-243.0,157.0,86.0,-269.0,162.0,116.0,-266.0,157.0,148.0,-254.0,157.0,156.0,-248.0,136.0,55.0,-246.0,136.0,80.0,-251.0,138.0,103.0,-287.0,137.0,126.0,-285.0,119.0,124.0,-255.0,127.0,183.0,-269.0,126.0,226.0,-286.0,123.0,236.0,-242.0,153.0,124.0,-255.0,152.0,182.0,-273.0,150.0,224.0,-291.0,150.0,235.0,-247.0
117.0,88.0,-267.0,110.0,117.0,-271.0,113.0,149.0,-250.0,114.0,157.0,-246.0,157.0,86.0,-268.0,162.0,117.0,-266.0,157.0,149.0,-254.0,156.0,156.0,-247.0,137.0,56.0,-247.0,136.0,80.0,-251.0,138.0,103.0,-286.0,137.0,127.0,-285.0,119.0,125.0,-254.0,127.0,184.0,-270.0,126.0,228.0,-283.0,123.0,238.0,-240.0,153.0,125.0,-256.0,152.0,183.0,-275.0,150.0,226.0,-292.0,150.0,236.0,-248.0
117.0,87.0,-267.0,110.0,117.0,-273.0,113.0,149.0,-253.0,113.0,156.0,-244.0,157.0,87.0,-269.0,162.0,117.0,-266.0,157.0,149.0,-253.0,157.0,157.0,-252.0,136.0,56.0,-247.0,137.0,80.0,-251.0,138.0,103.0,-286.0,137.0,126.0,-285.0,119.0,125.0,-256.0,127.0,184.0,-269.0,125.0,227.0,-284.0,122.0,237.0,-240.0,153.0,125.0,-254.0,152.0,183.0,-273.0,150.0,225.0,-291.0,150.0,235.0,-248.0
117.0,87.0,-268.0,110.0,117.0,-271.0,113.0,149.0,-251.0,116.0,156.0,-243.0,157.0,86.0,-268.0,162.0,117.0,-266.0,157.0,149.0,-253.0,157.0,157.0,-247.0,137.0,55.0,-247.0,136.0,80.0,-250.0,138.0,103.0,-287.0,137.0,126.0,-284.0,118.0,125.0,-255.0,127.0,184.0,-270.0,125.0,227.0,-284.0,123.0,237.0,-240.0,153.0,125.0,-254.0,152.0,182.0,-274.0,150.0,225.0,-290.0,150.0,235.0,-246.0
117.0,87.0,-266.0,110.0,117.0,-271.0,114.0,149.0,-252.0,115.0,155.0,-241.0,157.0,87.0,-268.0,162.0,117.0,-266.0,156.0,149.0,-253.0,157.0,157.0,-246.0,137.0,55.0,-247.0,137.0,80.0,-250.0,138.0,103.0,-286.0,137.0,126.0,-284.0,119.0,125.0,-256.0,126.0,184.0,-269.0,125.0,227.0,-286.0,123.0,237.0,-242.0,153.0,125.0,-254.0,151.0,183.0,-274.0,151.0,225.0,-290.0,150.0,235.0,-246.0
117.0,87.0,-266.0,110.0,117.0,-271.0,113.0,149.0,-252.0,116.0,154.0,-241.0,157.0,87.0,-267.0,162.0,117.0,-267.0,157.0,149.0,-252.0,158.0,157.0,-257.0,137.0,55.0,-247.0,137.0,80.0,-249.0,138.0,103.0,-286.0,137.0,127.0,-285.0,118.0,126.0,-256.0,126.0,184.0,-270.0,127.0,227.0,-284.0,124.0,237.0,-240.0,153.0,126.0,-254.0,151.0,183.0,-273.0,150.0,225.0,-290.0,149.0,235.0,-247.0
117.0,87.0,-267.0,111.0,117.0,-272.0,114.0,148.0,-250.0,116.0,156.0,-249.0,157.0,86.0,-269.0,162.0,116.0,-266.0,157.0,148.0,-254.0,157.0,156.0,-250.0,136.0,56.0,-246.0,136.0,80.0,-251.0,138.0,103.0,-286.0,136.0,127.0,-284.0,119.0,126.0,-253.0,127.0,184.0,-271.0,126.0,228.0,-283.0,125.0,237.0,-239.0,153.0,126.0,-255.0,152.0,183.0,-274.0,150.0,225.0,-291.0,151.0,235.0,-248.0
117.0,88.0,-267.0,110.0,118.0,-270.0,114.0,149.0,-247.0,114.0,157.0,-246.0,157.0,87.0,-267.0,163.0,117.0,-266.0,157.0,148.0,-245.0,154.0,155.0,-240.0,136.0,55.0,-245.0,136.0,80.0,-249.0,138.0,103.0,-286.0,137.0,127.0,-283.0,118.0,127.0,-254.0,126.0,185.0,-271.0,126.0,228.0,-283.0,124.0,238.0,-239.0,153.0,127.0,-254.0,151.0,184.0,-273.0,151.0,226.0,-290.0,151.0,236.0,-247.0
117.0,88.0,-267.0,110.0,117.0,-272.0,114.0,148.0,-249.0,114.0,156.0,-242.0,157.0,87.0,-267.0,163.0,117.0,-266.0,156.0,147.0,-240.0,153.0,154.0,-233.0,136.0,56.0,-247.0,136.0,80.0,-250.0,138.0,103.0,-286.0,137.0,127.0,-284.0,118.0,127.0,-254.0,126.0,185.0,-271.0,126.0,229.0,-281.0,124.0,238.0,-238.0,153.0,127.0,-255.0,151.0,184.0,-274.0,149.0,226.0,-289.0,150.0,236.0,-246.0
117.0,88.0,-267.0,110.0,117.0,-272.0,114.0,148.0,-248.0,114.0,156.0,-245.0,157.0,87.0,-269.0,164.0,116.0,-262.0,153.0,142.0,-218.0,150.0,150.0,-211.0,137.0,55.0,-246.0,136.0,80.0,-251.0,138.0,103.0,-287.0,137.0,126.0,-285.0,119.0,127.0,-254.0,126.0,185.0,-269.0,126.0,228.0,-284.0,124.0,238.0,-240.0,153.0,127.0,-256.0,151.0,183.0,-272.0,150.0,225.0,-289.0,151.0,235.0,-246.0
117.0,88.0,-268.0,111.0,118.0,-272.0,114.0,149.0,-249.0,115.0,157.0,-248.0,157.0,86.0,-271.0,167.0,113.0,-248.0,148.0,127.0,-193.0,141.0,131.0,-186.0,136.0,56.0,-249.0,136.0,80.0,-253.0,138.0,103.0,-287.0,137.0,125.0,-284.0,120.0,126.0,-251.0,126.0,184.0,-268.0,126.0,226.0,-284.0,125.0,237.0,-241.0,154.0,126.0,-257.0,151.0,182.0,-272.0,150.0,224.0,-291.0,152.0,235.0,-248.0
117.0,88.0,-268.0,110.0,118.0,-270.0,115.0,149.0,-249.0,116.0,157.0,-245.0,157.0,86.0,-273.0,165.0,108.0,-230.0,140.0,109.0,-175.0,133.0,109.0,-162.0,136.0,56.0,-250.0,137.0,80.0,-255.0,138.0,103.0,-287.0,138.0,126.0,-286.0,120.0,127.0,-254.0,126.0,184.0,-268.0,126.0,228.0,-283.0,125.0,238.0,-239.0,154.0,127.0,-259.0,151.0,183.0,-272.0,150.0,225.0,-291.0,151.0,235.0,-247.0
117.0,88.0,-267.0,111.0,118.0,-269.0,115.0,150.0,-249.0,118.0,156.0,-244.0,157.0,86.0,-273.0,159.0,96.0,-208.0,133.0,78.0,-162.0,125.0,76.0,-152.0,137.0,56.0,-251.0,137.0,80.0,-254.0,138.0,103.0,-287.0,138.0,126.0,-285.0,121.0,128.0,-253.0,126.0,185.0,-267.0,126.0,228.0,-282.0,125.0,238.0,-238.0,155.0,128.0,-259.0,151.0,183.0,-272.0,150.0,225.0,-288.0,152.0,235.0,-245.0
117.0,89.0,-268.0,111.0,119.0,-270.0,115.0,150.0,-247.0,119.0,157.0,-243.0,157.0,86.0,-271.0,155.0,88.0,-200.0,129.0,63.0,-165.0,122.0,59.0,-155.0,137.0,56.0,-252.0,136.0,80.0,-253.0,139.0,104.0,-287.0,138.0,126.0,-284.0,121.0,129.0,-253.0,126.0,185.0,-268.0,127.0,228.0,-283.0,125.0,238.0,-240.0,155.0,129.0,-256.0,151.0,183.0,-273.0,151.0,226.0,-288.0,151.0,236.0,-244.0
119.0,88.0,-269.0,111.0,117.0,-271.0,116.0,149.0,-248.0,119.0,156.0,-243.0,159.0,87.0,-268.0,151.0,82.0,-198.0,127.0,53.0,-170.0,120.0,48.0,-160.0,137.0,55.0,-251.0,138.0,80.0,-252.0,140.0,103.0,-286.0,139.0,126.0,-283.0,122.0,128.0,-253.0,126.0,185.0,-269.0,127.0,229.0,-281.0,124.0,239.0,-238.0,156.0,128.0,-253.0,151.0,184.0,-272.0,151.0,226.0,-288.0,151.0,236.0,-245.0
119.0,87.0,-273.0,111.0,117.0,-272.0,116.0,148.0,-249.0,119.0,155.0,-243.0,158.0,86.0,-266.0,150.0,81.0,-196.0,124.0,53.0,-173.0,117.0,48.0,-164.0,135.0,55.0,-250.0,137.0,79.0,-253.0,140.0,103.0,-286.0,140.0,125.0,-283.0,121.0,127.0,-256.0,126.0,185.0,-268.0,126.0,228.0,-283.0,123.0,238.0,-240.0,155.0,127.0,-251.0,151.0,183.0,-271.0,151.0,225.0,-289.0,150.0,236.0,-246.0
118.0,89.0,-270.0,111.0,119.0,-274.0,116.0,149.0,-247.0,119.0,157.0,-244.0,158.0,87.0,-265.0,147.0,84.0,-196.0,119.0,59.0,-170.0,112.0,53.0,-163.0,137.0,55.0,-251.0,137.0,81.0,-251.0,140.0,104.0,-286.0,141.0,126.0,-284.0,122.0,127.0,-259.0,125.0,185.0,-267.0,128.0,229.0,-282.0,122.0,239.0,-239.0,155.0,127.0,-250.0,151.0,184.0,-272.0,150.0,226.0,-290.0,147.0,236.0,-246.0
116.0,88.0,-272.0,111.0,119.0,-276.0,115.0,149.0,-250.0,118.0,157.0,-246.0,156.0,85.0,-267.0,156.0,101.0,-208.0,122.0,88.0,-182.0,114.0,90.0,-179.0,137.0,55.0,-255.0,134.0,79.0,-253.0,138.0,103.0,-287.0,140.0,125.0,-283.0,122.0,126.0,-256.0,126.0,184.0,-264.0,126.0,227.0,-282.0,122.0,237.0,-238.0,156.0,126.0,-251.0,151.0,182.0,-270.0,151.0,224.0,-289.0,150.0,235.0,-246.0
117.0,88.0,-274.0,110.0,118.0,-277.0,115.0,148.0,-251.0,115.0,156.0,-251.0,157.0,87.0,-269.0,160.0,107.0,-217.0,125.0,101.0,-194.0,118.0,106.0,-186.0,137.0,57.0,-256.0,136.0,80.0,-255.0,138.0,104.0,-287.0,139.0,125.0,-283.0,121.0,127.0,-256.0,126.0,184.0,-266.0,126.0,227.0,-282.0,122.0,238.0,-239.0,155.0,127.0,-251.0,151.0,183.0,-270.0,149.0,225.0,-289.0,148.0,235.0,-245.0
117.0,88.0,-272.0,111.0,118.0,-277.0,116.0,149.0,-252.0,115.0,157.0,-253.0,157.0,86.0,-270.0,161.0,108.0,-222.0,127.0,104.0,-191.0,119.0,109.0,-190.0,137.0,56.0,-255.0,136.0,80.0,-255.0,138.0,103.0,-287.0,139.0,127.0,-283.0,121.0,128.0,-253.0,126.0,185.0,-266.0,127.0,228.0,-284.0,125.0,238.0,-240.0,156.0,128.0,-254.0,151.0,183.0,-273.0,151.0,225.0,-291.0,151.0,236.0,-247.0
117.0,89.0,-274.0,111.0,118.0,-276.0,117.0,149.0,-250.0,115.0,157.0,-247.0,157.0,86.0,-271.0,167.0,102.0,-218.0,137.0,93.0,-176.0,129.0,95.0,-169.0,136.0,56.0,-255.0,136.0,80.0,-256.0,139.0,103.0,-289.0,140.0,127.0,-285.0,122.0,127.0,-254.0,126.0,184.0,-266.0,126.0,227.0,-283.0,125.0,238.0,-239.0,156.0,127.0,-257.0,152.0,183.0,-272.0,151.0,226.0,-288.0,151.0,236.0,-245.0
118.0,87.0,-271.0,110.0,117.0,-277.0,116.0,147.0,-253.0,114.0,155.0,-246.0,158.0,87.0,-277.0,171.0,95.0,-214.0,151.0,74.0,-160.0,144.0,75.0,-147.0,136.0,56.0,-255.0,138.0,79.0,-258.0,138.0,104.0,-288.0,139.0,127.0,-286.0,122.0,127.0,-253.0,126.0,185.0,-266.0,127.0,228.0,-283.0,126.0,238.0,-240.0,156.0,127.0,-259.0,152.0,183.0,-273.0,151.0,226.0,-289.0,153.0,236.0,-245.0
119.0,88.0,-270.0,111.0,117.0,-276.0,116.0,149.0,-252.0,115.0,156.0,-244.0,159.0,87.0,-272.0,174.0,82.0,-206.0,166.0,53.0,-148.0,162.0,49.0,-132.0,136.0,55.0,-257.0,138.0,80.0,-254.0,139.0,103.0,-288.0,140.0,127.0,-287.0,123.0,127.0,-257.0,126.0,185.0,-267.0,127.0,228.0,-282.0,124.0,238.0,-238.0,157.0,127.0,-258.0,152.0,184.0,-273.0,151.0,226.0,-291.0,151.0,236.0,-247.0
118.0,89.0,-271.0,111.0,119.0,-276.0,116.0,150.0,-249.0,119.0,157.0,-244.0,157.0,85.0,-265.0,178.0,71.0,-214.0,184.0,38.0,-160.0,183.0,32.0,-143.0,136.0,54.0,-257.0,136.0,80.0,-251.0,140.0,103.0,-286.0,140.0,126.0,-287.0,122.0,127.0,-257.0,126.0,184.0,-267.0,127.0,227.0,-284.0,124.0,237.0,-240.0,156.0,127.0,-257.0,152.0,183.0,-271.0,149.0,225.0,-290.0,149.0,235.0,-246.0
118.0,89.0,-271.0,111.0,119.0,-275.0,117.0,150.0,-250.0,119.0,157.0,-244.0,157.0,85.0,-267.0,179.0,69.0,-219.0,185.0,35.0,-169.0,186.0,28.0,-153.0,136.0,54.0,-258.0,137.0,80.0,-252.0,140.0,103.0,-286.0,141.0,126.0,-286.0,123.0,127.0,-258.0,126.0,184.0,-267.0,126.0,228.0,-282.0,122.0,238.0,-239.0,157.0,127.0,-255.0,151.0,183.0,-271.0,150.0,225.0,-289.0,149.0,236.0,-246.0
118.0,89.0,-270.0,111.0,119.0,-276.0,116.0,150.0,-250.0,118.0,158.0,-243.0,158.0,86.0,-268.0,179.0,69.0,-220.0,185.0,35.0,-171.0,186.0,27.0,-158.0,137.0,54.0,-257.0,137.0,80.0,-252.0,140.0,103.0,-286.0,142.0,125.0,-286.0,124.0,126.0,-258.0,126.0,184.0,-264.0,126.0,226.0,-283.0,122.0,237.0,-240.0,158.0,126.0,-255.0,151.0,183.0,-272.0,151.0,225.0,-289.0,150.0,235.0,-245.0
118.0,89.0,-270.0,111.0,119.0,-273.0,117.0,150.0,-250.0,118.0,158.0,-250.0,158.0,86.0,-269.0,179.0,70.0,-220.0,186.0,37.0,-169.0,187.0,28.0,-157.0,137.0,55.0,-260.0,137.0,80.0,-253.0,140.0,103.0,-287.0,142.0,126.0,-286.0,124.0,127.0,-257.0,126.0,185.0,-264.0,126.0,228.0,-282.0,123.0,238.0,-238.0,158.0,127.0,-256.0,152.0,184.0,-273.0,150.0,226.0,-290.0,150.0,236.0,-246.0
119.0,89.0,-270.0,111.0,119.0,-271.0,117.0,150.0,-248.0,120.0,158.0,-243.0,158.0,86.0,-270.0,180.0,73.0,-220.0,186.0,41.0,-166.0,188.0,32.0,-156.0,137.0,55.0,-260.0,138.0,80.0,-254.0,140.0,104.0,-287.0,142.0,127.0,-287.0,124.0,127.0,-257.0,126.0,185.0,-265.0,127.0,228.0,-282.0,123.0,239.0,-238.0,159.0,127.0,-257.0,152.0,184.0,-273.0,150.0,227.0,-289.0,150.0,237.0,-245.0
119.0,88.0,-270.0,112.0,119.0,-272.0,118.0,150.0,-249.0,120.0,158.0,-245.0,159.0,86.0,-271.0,182.0,77.0,-220.0,186.0,46.0,-164.0,188.0,38.0,-151.0,137.0,55.0,-258.0,138.0,80.0,-254.0,140.0,104.0,-287.0,142.0,125.0,-287.0,125.0,126.0,-254.0,127.0,184.0,-266.0,125.0,226.0,-283.0,124.0,237.0,-240.0,159.0,126.0,-260.0,152.0,183.0,-271.0,150.0,225.0,-289.0,151.0,235.0,-245.0
118.0,89.0,-269.0,112.0,119.0,-273.0,118.0,151.0,-250.0,120.0,158.0,-246.0,158.0,86.0,-273.0,182.0,93.0,-227.0,184.0,68.0,-162.0,185.0,60.0,-150.0,136.0,55.0,-256.0,138.0,80.0,-255.0,140.0,104.0,-288.0,141.0,125.0,-288.0,124.0,127.0,-256.0,127.0,184.0,-266.0,126.0,227.0,-284.0,124.0,237.0,-240.0,158.0,127.0,-260.0,152.0,183.0,-271.0,150.0,225.0,-290.0,150.0,235.0,-247.0
118.0,88.0,-269.0,112.0,119.0,-275.0,117.0,150.0,-251.0,119.0,158.0,-247.0,158.0,86.0,-274.0,178.0,105.0,-240.0,183.0,94.0,-165.0,185.0,92.0,-147.0,135.0,55.0,-253.0,137.0,80.0,-255.0,139.0,103.0,-288.0,140.0,125.0,-287.0,123.0,128.0,-255.0,126.0,184.0,-268.0,126.0,227.0,-284.0,124.0,237.0,-240.0,157.0,128.0,-259.0,152.0,183.0,-272.0,151.0,225.0,-290.0,151.0,235.0,-247.0
117.0,89.0,-271.0,112.0,120.0,-275.0,118.0,151.0,-252.0,120.0,159.0,-248.0,157.0,86.0,-271.0,173.0,111.0,-252.0,181.0,97.0,-181.0,183.0,93.0,-165.0,136.0,56.0,-254.0,136.0,80.0,-255.0,139.0,104.0,-288.0,140.0,126.0,-286.0,122.0,129.0,-256.0,126.0,185.0,-269.0,127.0,229.0,-282.0,125.0,238.0,-238.0,156.0,129.0,-256.0,152.0,183.0,-273.0,150.0,226.0,-290.0,150.0,236.0,-246.0
117.0,89.0,-274.0,112.0,119.0,-277.0,117.0,151.0,-254.0,117.0,158.0,-257.0,157.0,86.0,-270.0,166.0,116.0,-263.0,170.0,146.0,-224.0,171.0,154.0,-220.0,136.0,56.0,-253.0,136.0,80.0,-255.0,139.0,104.0,-288.0,140.0,126.0,-286.0,121.0,128.0,-257.0,127.0,184.0,-270.0,127.0,227.0,-285.0,124.0,237.0,-242.0,155.0,128.0,-255.0,152.0,182.0,-273.0,150.0,224.0,-290.0,150.0,235.0,-247.0
118.0,89.0,-272.0,112.0,119.0,-279.0,117.0,151.0,-256.0,117.0,159.0,-260.0,158.0,87.0,-267.0,163.0,118.0,-267.0,163.0,151.0,-249.0,162.0,159.0,-246.0,136.0,56.0,-253.0,136.0,81.0,-253.0,139.0,104.0,-287.0,139.0,127.0,-286.0,120.0,128.0,-258.0,127.0,185.0,-271.0,127.0,228.0,-284.0,124.0,238.0,-241.0,154.0,128.0,-255.0,152.0,182.0,-274.0,150.0,225.0,-289.0,149.0,235.0,-246.0
118.0,88.0,-273.0,112.0,118.0,-280.0,116.0,150.0,-256.0,112.0,157.0,-252.0,158.0,86.0,-268.0,162.0,117.0,-270.0,159.0,150.0,-257.0,159.0,158.0,-257.0,136.0,56.0,-252.0,137.0,80.0,-254.0,140.0,103.0,-288.0,138.0,127.0,-287.0,119.0,127.0,-260.0,127.0,185.0,-271.0,126.0,228.0,-284.0,123.0,238.0,-240.0,153.0,127.0,-254.0,152.0,183.0,-274.0,150.0,225.0,-289.0,149.0,235.0,-246.0
118.0,88.0,-271.0,111.0,118.0,-280.0,114.0,150.0,-256.0,116.0,157.0,-257.0,158.0,86.0,-269.0,163.0,117.0,-272.0,159.0,149.0,-258.0,159.0,157.0,-255.0,136.0,56.0,-251.0,137.0,80.0,-253.0,140.0,103.0,-288.0,138.0,127.0,-286.0,119.0,126.0,-259.0,127.0,184.0,-272.0,127.0,228.0,-284.0,123.0,237.0,-240.0,153.0,126.0,-254.0,152.0,183.0,-276.0,150.0,225.0,-292.0,149.0,235.0,-248.0
118.0,88.0,-271.0,111.0,118.0,-279.0,114.0,150.0,-256.0,115.0,157.0,-254.0,158.0,86.0,-269.0,163.0,117.0,-273.0,160.0,150.0,-258.0,159.0,158.0,-259.0,136.0,56.0,-252.0,137.0,80.0,-253.0,139.0,103.0,-288.0,138.0,126.0,-287.0,119.0,125.0,-260.0,127.0,184.0,-270.0,126.0,227.0,-284.0,122.0,237.0,-241.0,153.0,125.0,-254.0,152.0,182.0,-274.0,150.0,225.0,-289.0,148.0,235.0,-245.0
118.0,88.0,-270.0,111.0,118.0,-279.0,114.0,150.0,-255.0,114.0,158.0,-253.0,158.0,86.0,-269.0,163.0,117.0,-274.0,160.0,150.0,-258.0,160.0,157.0,-249.0,136.0,55.0,-252.0,137.0,80.0,-253.0,139.0,103.0,-288.0,139.0,127.0,-287.0,120.0,126.0,-259.0,127.0,185.0,-271.0,127.0,228.0,-284.0,123.0,238.0,-240.0,154.0,126.0,-255.0,152.0,183.0,-276.0,150.0,226.0,-290.0,149.0,236.0,-246.0
118.0,88.0,-271.0,112.0,118.0,-279.0,115.0,150.0,-253.0,114.0,158.0,-250.0,158.0,87.0,-270.0,163.0,118.0,-274.0,160.0,150.0,-259.0,159.0,158.0,-258.0,137.0,56.0,-252.0,137.0,80.0,-254.0,139.0,103.0,-288.0,138.0,127.0,-286.0,120.0,126.0,-256.0,127.0,185.0,-271.0,127.0,228.0,-283.0,124.0,238.0,-239.0,154.0,126.0,-257.0,152.0,184.0,-276.0,151.0,226.0,-290.0,151.0,236.0,-246.0
