RangeX,RangeY,RangeZ,MeanX,MeanY,MeanZ,VarX,VarY,VarZ,SkewX,SkewY,SkewZ,Label
9.666666666666657,2.6666666666666714,15.666666666666687,4.246031746031746,47.0952380952381,29.3968253968254,7.725182665658847,0.4089191232048373,17.345175107079893,0.2793630599452097,0.2783209389928981,-0.17916439657876038,1
9.666666666666671,4.333333333333344,-3.6666666666666288,7.325396825396826,48.01587301587301,8.412698412698415,1.2988788107835727,2.4230284706475267,17.31645250692869,-0.10837712182298492,-0.3611893573420869,-0.05328290390066809,1
22.0,5.0,88.66666666666669,7.373015873015873,34.920634920634924,59.78571428571429,41.18625598387501,218.0042831947594,2263.935563114135,0.963544729366353,-0.39654991404781387,-0.22437610749986164,1
10.0,45.66666666666666,-11.0,6.095238095238094,90.69841269841271,3.817460317460317,4.244897959183674,0.5651297556059426,6.757684555303606,0.5551323211110003,-0.554357936112676,0.4017088378762276,1
9.666666666666657,47.0,7.0,4.944444444444444,91.50793650793649,10.301587301587302,4.941358024691358,0.4086671705719297,69.66565885613502,0.9467729759477574,0.1256189728025677,0.19506555539895853,1
19.33333333333333,14.0,59.66666666666663,17.699999999999996,42.24444444444444,44.85555555555556,31.187777777777754,10.07358024691358,276.4420987654321,-0.27557115730014864,-1.2366182078671957,0.20603967233122686,1
40.000000000000014,14.333333333333329,51.99999999999997,24.588888888888892,21.93333333333333,31.14444444444443,171.93839506172844,162.12148148148148,365.36802469135824,0.24111258910591504,0.3222320700661324,0.3366317586419604,1
38.66666666666667,7.333333333333329,49.333333333333314,29.84444444444444,31.488888888888887,25.31111111111112,63.83506172839507,98.32395061728396,375.8365432098765,0.6162375033425386,-1.5004573142310955,0.8516893681242117,1
17.66666666666667,45.33333333333333,48.0,18.24444444444445,75.75555555555555,58.37777777777778,20.688395061728386,1.4217283950617308,20.160987654321,-0.4573108644965539,-0.34495208420714835,-0.5784574705347552,1
8.333333333333329,48.66666666666667,1.6666666666666288,7.244444444444446,75.98888888888888,9.666666666666668,21.651358024691366,16.581358024691365,34.933333333333344,0.5813823091565271,-1.1989432991321145,-0.06468475183963683,1
6.0,3.666666666666672,21.33333333333337,8.604166666666664,43.23958333333333,17.958333333333332,3.419704861111115,1.1960720486111125,39.130208333333385,-0.4816767521352466,-0.18018508215243592,-0.2473441820881361,1
5.333333333333329,13.666666666666671,25.666666666666693,6.916666666666668,53.53125,24.85416666666667,3.9930555555555576,1.1170789930555576,16.881510416666693,-0.4547427395262126,-0.8320419332454007,-0.48932131772987,1
42.0,16.33333333333333,96.66666666666669,24.6875,40.3125,73.25,215.31901041666663,208.95095486111111,1015.4791666666667,-0.12152695716215788,-0.8878697201447944,-1.2743317699964618,1
28.333333333333343,48.66666666666667,41.33333333333334,24.47916666666667,83.36458333333334,33.59375,12.506510416666668,9.301106770833336,119.50509982638883,0.3394566067998757,0.1030495566497604,-0.7892422143829,1
24.333333333333343,50.33333333333333,48.0,22.8125,88.05208333333331,42.02083333333333,8.985677083333346,2.8202039930555505,51.562065972222115,0.4560236232977637,0.4638697919887865,0.12553956226877208,1
9.333333333333343,2.3333333333333286,7.0,4.24561403508772,46.807017543859644,31.78947368421053,4.056632810095418,0.372114496768236,4.2597722376115685,0.008586898374230646,0.11339807981080548,-0.015530776623926356,2
8.0,5.0,-10.333333333333314,6.184210526315789,49.1315789473684,7.771929824561407,1.1034933825792563,1.6171899045860316,17.714065866420416,-0.9981210535167592,-0.193503846705626,0.9150766013614936,2
33.66666666666667,4.333333333333344,84.0,16.140350877192983,26.640350877192983,68.97368421052633,93.44228993536476,252.7507694675285,1629.2946291166513,0.03583069442895282,0.4689733508192247,-0.6423240351866489,2
7.666666666666671,46.0,-12.666666666666687,5.0701754385964914,91.16666666666664,4.412280701754388,2.527239150507849,0.3903508771929807,12.76277316097262,-0.4391560395116429,-0.863224287185801,1.1206620702651309,2
7.333333333333344,47.0,-12.333333333333313,3.8157894736842097,91.49122807017544,8.315789473684212,3.852031394275164,0.4721452754693786,22.303785780240073,0.2193581397105212,0.5783180879922928,-0.12139618127324756,2
16.666666666666654,6.666666666666656,50.33333333333337,10.466666666666667,47.05833333333334,41.55,26.548888888888875,2.9327083333333297,194.6252777777777,-0.7391964980093892,0.0660947002711213,0.03735036764830153,2
24.66666666666667,7.333333333333329,59.33333333333337,10.766666666666667,40.85833333333333,41.08333333333333,56.817777777777785,71.28826388888885,378.4930555555553,0.1845717079204678,-0.4487222457763657,-0.09406900676882196,2
38.66666666666667,7.333333333333329,101.00000000000004,20.75,24.391666666666666,77.625,169.56527777777774,215.0104861111111,1331.1010416666668,-0.3701432527672581,0.6811255876703658,-0.9569366536287454,2
32.66666666666666,37.99999999999999,21.33333333333337,22.60833333333333,79.825,21.916666666666675,30.91048611111111,1.7888194444444436,128.1263888888888,-0.09431315149623994,0.029044904115621113,-0.6543276958038571,2
33.66666666666667,35.33333333333333,38.666666666666686,28.74166666666667,75.625,30.48333333333333,7.936041666666667,2.6177083333333364,328.14972222222235,-0.04273795474688639,-0.2045279475525552,-0.2958262387073566,2
7.666666666666656,4.666666666666671,25.0,7.4333333333333345,43.425,17.191666666666666,5.3233333333333395,0.9443750000000004,68.55493055555557,0.4900324039807212,-0.2545635021674112,-0.5872162179835302,2
9.999999999999988,14.0,45.666666666666686,8.316666666666666,52.03333333333333,30.33333333333333,11.910833333333334,5.537777777777783,54.17777777777778,0.17932507115690408,-0.6778393792606786,0.38163760792488144,2
48.33333333333333,17.333333333333346,125.0,22.575,28.40833333333334,70.18333333333332,283.45548611111116,425.70270833333336,1913.5775,0.2942147693222648,0.4077641277258535,-0.3899619947050528,2
5.666666666666656,55.0,23.0,4.1,93.64166666666668,5.9,7.534444444444443,4.3632638888888895,27.11777777777776,0.473311097549421,-2.355058284643391,1.1976032550314288,2
14.0,55.66666666666666,61.0,10.958333333333336,93.4,31.549999999999994,15.523263888888895,4.51222222222223,291.39749999999987,0.2328511111692057,-0.1948443468718656,-0.2145287207368493,2
21.33333333333333,5.333333333333343,18.333333333333343,6.068627450980389,47.67647058823529,33.176470588235304,45.88744713571703,2.0423875432525995,38.30872741253364,1.117910726023759,0.3470285187182114,0.10883181522242584,3
7.0,7.000000000000013,3.3333333333333433,3.294117647058824,51.18627450980392,16.34313725490196,4.874279123414071,0.4064782775855445,45.46722414455984,-0.07769316911959866,-0.5946000949857037,-0.04806166550327104,3
39.0,7.333333333333329,78.66666666666667,12.127450980392164,37.77450980392158,34.04901960784315,132.07852748942713,229.7171280276817,1017.9158977316414,1.0863747278455078,-0.8292839796773468,0.6062046940876751,3
14.666666666666671,56.00000000000002,18.666666666666686,7.990196078431373,95.77450980392156,27.558823529411764,13.99009996155324,23.44261822376011,118.77595155709344,-0.3733652761446,-0.4577193024197144,-0.488155252671776,3
9.0,48.66666666666667,35.000000000000036,5.23529411764706,91.28431372549021,20.068627450980397,1.8727412533640957,1.9093617839292647,392.684832756632,0.9072727518973892,-0.49261998629,0.7849624664275817,3
21.333333333333314,10.0,55.333333333333314,13.290598290598293,47.1965811965812,37.26495726495725,30.09788881583752,6.989845861640734,212.8101395280882,-0.1243188372508314,-0.10820950547419668,-0.0012611364224049653,3
20.999999999999982,8.999999999999988,75.33333333333334,10.008547008547009,40.85470085470086,36.376068376068375,50.874570823288785,81.85068303017022,548.3941851121338,0.4710818153566277,-1.0756727799709245,0.7745939741157354,3
40.66666666666666,7.333333333333329,102.33333333333334,10.051282051282053,32.717948717948715,47.47863247863248,167.00591715976338,248.44751260135877,1253.4062385857258,1.7031597122241016,-0.6046174968942247,0.5414176865836148,3
43.66666666666666,40.66666666666667,74.0,25.384615384615387,76.55555555555556,30.35897435897436,44.817882971729105,30.417853751187078,747.4380889765501,1.1759723577681294,-1.1926929593318094,0.4624974229368626,3
37.66666666666666,48.33333333333333,67.0,27.965811965811962,81.43589743589743,33.55555555555556,51.930455109942294,16.998027613412226,456.9648622981957,0.11398419735039696,0.9094873906779252,0.5031113049367164,3
31.33333333333333,8.0,21.333333333333343,12.609523809523811,41.07619047619047,29.06666666666667,126.05387755102038,5.200544217687072,37.859047619047615,0.4578750790492943,-0.4036381495881627,0.4646240288083069,3
16.666666666666654,18.333333333333343,35.0,6.4285714285714315,51.914285714285704,29.476190476190467,20.790929705215433,12.681541950113372,216.0081632653062,1.0772784914560358,-1.128224371365918,-0.33940667234520416,3
26.333333333333314,20.666666666666657,80.0,13.723809523809527,45.828571428571436,36.40000000000001,99.41260770975056,261.23410430839,782.3161904761905,-0.021933732115589067,-1.4555277374387778,0.5090625598308408,3
18.666666666666657,59.66666666666666,7.3333333333333135,8.276190476190477,93.45714285714287,14.790476190476193,29.806258503401352,4.610068027210873,66.305306122449,0.6015232783525652,-0.14100290609169358,0.052671876388033716,3
27.333333333333314,59.0,40.666666666666686,13.83809523809524,92.25714285714285,26.590476190476185,81.76108843537418,6.464036281179142,458.1275283446712,0.14816749916488636,-0.4893154989872121,0.18198789295854093,3
3.0,2.3333333333333286,9.666666666666627,1.1500000000000008,46.775,32.50833333333333,0.78861111111111,0.3910416666666677,8.0554861111111,0.6466520968171963,0.2513168968666432,-0.18265817306031645,4
9.666666666666671,5.666666666666671,-9.333333333333343,5.641666666666668,50.425,12.45,4.6077083333333295,0.18326388888888892,4.8308333333333335,0.4042552561674953,0.2565638508431541,0.6711524826814855,4
41.33333333333334,4.333333333333329,37.66666666666666,19.28333333333333,38.583333333333336,28.208333333333336,233.94194444444446,197.75972222222225,355.33715277777776,0.3820136963166501,-1.2176980057457445,0.4716834551567292,4
13.0,45.33333333333333,-6.0,8.066666666666666,89.73333333333332,17.51666666666667,10.112222222222224,0.3122222222222236,4.1552777777777585,-1.0299877899048644,-0.030570533104266176,-0.216320563848224,4
9.0,47.99999999999999,-9.0,3.425,92.19166666666668,4.699999999999998,4.866597222222223,0.38270833333333226,15.926666666666653,0.5116783283969422,0.3509378277518088,1.5712919809924633,4
13.333333333333313,8.666666666666671,26.333333333333314,4.679012345679014,48.716049382716065,51.76543209876542,12.38256363359243,3.824721841182747,45.54580094497789,0.8423424192563413,0.5532549259488188,-1.1832312500130864,4
8.666666666666657,5.333333333333343,13.0,5.975308641975309,46.802469135802475,18.62962962962963,4.9458923944520565,4.421886907483617,110.29903978052131,-0.9800942428628284,-0.7491426359595553,0.8089545436793667,4
46.0,2.0,30.666666666666625,25.740740740740733,30.000000000000004,42.703703703703695,289.2290809327846,181.29218106995884,154.60356652949244,-0.3895597214941451,-0.455870447682921,0.03573047503206249,4
48.66666666666666,34.0,-4.333333333333371,38.27160493827161,74.4074074074074,10.172839506172838,54.83158055174514,9.418381344307257,61.31169029111412,-0.4912317683190254,-0.7008610541954983,0.7558571424743548,4
39.66666666666666,37.66666666666666,0.0,32.03703703703704,77.82716049382717,12.74074074074074,32.924554183813456,4.669714982472189,85.35253772290815,-0.5961077972279081,0.510159281019895,0.7068466406100536,4
8.333333333333313,4.666666666666671,18.666666666666686,9.75862068965517,44.264367816091955,20.390804597701152,4.949398863786488,1.4665081252477246,29.51776985070686,0.18236890238263664,0.6758671905646472,-0.3053909633366447,4
10.666666666666657,12.333333333333329,24.333333333333343,7.9655172413793105,53.05747126436782,24.931034482758623,12.48540097767208,1.4564671687144928,82.62359624785303,0.7804189329076263,-1.019961248464643,-0.6420330729603475,4
16.0,16.000000000000018,96.0,7.448275862068965,45.804597701149426,46.55172413793103,28.783723080988263,296.77024706037787,1784.017439556084,1.3365624527177742,-1.4395369949862469,0.25529794541558065,4
9.666666666666657,53.66666666666667,19.333333333333343,4.494252873563218,91.88505747126436,9.264367816091953,20.794028273219713,5.1438763376932215,73.4358567842516,0.9088047247308396,-0.44072976461888747,0.8649526908071166,4
8.666666666666657,56.00000000000002,50.66666666666666,9.436781609195403,96.78160919540231,34.045977011494244,6.8283789139912665,0.8067115867353695,150.54961025234508,-0.7284312102140386,-1.0558165865508944,1.075827126231021,4
20.0,3.666666666666672,17.333333333333346,5.360000000000001,46.9511111111111,31.742222222222228,38.85558518518517,0.5827950617283931,12.046143209876552,1.2249869975982022,0.37330395878406497,0.8505767798193646,5
8.0,6.333333333333329,12.666666666666654,5.004444444444443,48.2,16.502222222222223,3.0355358024691363,14.121481481481489,58.8811061728395,-0.5778825547035166,-1.658509042162703,1.1496918517976231,5
10.666666666666657,5.666666666666671,86.0,3.875555555555557,36.10222222222222,44.844444444444456,5.990439506172828,278.02658765432096,1644.2972839506174,0.8107280672819113,-0.7414012685532133,0.6649842264034639,5
14.333333333333329,49.00000000000002,3.3333333333333433,5.533333333333332,90.88888888888891,15.208888888888891,14.989629629629636,2.5906172839506154,49.581550617283966,0.4226552583554662,0.28405324022173656,-0.188108631406052,5
9.0,47.66666666666667,19.0,6.004444444444445,91.19111111111108,13.293333333333333,2.0103506172839527,2.089402469135805,218.21617777777772,-0.5133811267193206,-0.7617773946239654,1.0106376982094674,5
18.666666666666686,10.333333333333329,52.66666666666666,8.194444444444445,49.77777777777778,47.06481481481482,36.076388888888886,6.987654320987649,288.7025891632373,0.4603563927570573,0.01385014082927848,-0.5785792178036561,5
12.666666666666671,4.999999999999987,40.0,5.805555555555554,42.52777777777778,25.296296296296298,13.99614197530865,20.372685185185187,231.29492455418372,0.3659652534317439,-0.4479482285894496,0.5661313747516659,5
32.33333333333334,4.999999999999987,98.33333333333334,9.15740740740741,27.694444444444446,60.194444444444436,78.80546982167351,276.44675925925924,1224.798611111111,1.1011139267203156,-0.0566352910962566,0.34879836474421605,5
44.33333333333334,36.33333333333333,64.33333333333331,29.79629629629629,75.49999999999999,32.490740740740726,33.594307270233195,20.762345679012352,666.5832475994512,1.2050095237263396,-0.5421821949338691,0.3626121413682195,5
44.00000000000002,48.33333333333333,71.0,30.611111111111107,83.12037037037038,34.00925925925926,45.570987654320994,29.099708504801093,648.959790809328,0.10810234838437917,0.1509845430157878,0.5547096261506484,5
21.333333333333343,5.0,14.333333333333346,9.74074074074074,42.46296296296296,21.925925925925927,48.89574759945131,0.9831961591220848,17.809327846364894,0.4725150029067029,-1.1837923468268101,-1.1022255393842324,5
9.666666666666671,14.666666666666654,40.000000000000036,5.6203703703703685,50.509259259259274,31.990740740740748,7.365140603566528,1.5770747599451258,162.8239883401921,-0.1195469175788493,-0.08276710194591899,-0.10077284285991818,5
29.0,17.333333333333346,109.0,13.314814814814815,39.111111111111114,50.08333333333334,87.16015089163237,296.65432098765433,2371.4652777777787,0.4867587087702402,-0.5516486040602004,0.3662014114730189,5
19.666666666666657,58.33333333333334,34.66666666666669,8.814814814814818,92.41666666666666,18.36111111111112,44.4101508916324,20.273919753086428,313.2183641975309,0.4518063450727106,-1.0737248449668404,0.5051716275638389,5
11.333333333333346,60.33333333333334,49.00000000000003,5.87962962962963,95.89814814814814,27.537037037037038,9.476251714677652,5.276663237311403,384.2856652949246,0.053002609669104264,-0.352651073807192,0.31171434860744845,5
14.333333333333346,5.0,27.0,5.757575757575759,47.57575757575758,20.12121212121212,18.57422711968168,2.46648301193756,78.66544230180595,0.7240455587452895,0.5849877276041275,-0.32081015280583824,6
7.666666666666671,4.333333333333329,40.999999999999964,5.858585858585858,48.42424242424242,22.58585858585859,1.2931333537394154,1.0860116314661783,128.0540761146822,0.2498247003272329,-0.12254186875044935,0.480645042360499,6
25.333333333333343,6.0,106.33333333333331,10.808080808080806,31.484848484848484,46.88888888888889,55.050709111315186,367.8389960208143,1157.5331088664425,0.6066830581411623,-0.4044043177626417,0.4676010980269624,6
14.000000000000016,54.99999999999999,46.333333333333314,7.111111111111111,94.82828282828285,24.272727272727273,14.819304152637494,16.889705132129368,199.21518212427304,-0.16005446484589336,0.012513138744750551,0.26256600485111986,6
9.0,48.99999999999999,49.66666666666663,6.858585858585857,91.35353535353536,17.464646464646467,2.444648505254567,2.039995918783791,288.99622487501273,0.023078254267514774,0.305008453538474,0.8454319119881617,6
25.0,9.666666666666671,61.0,10.552380952380952,49.4952380952381,33.48571428571429,43.02185941043084,5.583310657596376,324.28154195011336,0.3011515392859869,0.324872021665815,-0.19105359773547453,6
18.333333333333314,2.6666666666666714,52.66666666666666,6.419047619047617,30.838095238095235,28.780952380952385,23.881541950113373,244.73886621315188,103.58058956916096,1.0566332694812908,-0.4054140956459933,0.20639945212905675,6
35.0,1.6666666666666714,112.33333333333331,10.476190476190474,32.009523809523806,61.67619047619046,78.0907029478458,133.09514739229024,866.1618140589568,1.1913783199719554,-0.39882858140713695,0.3207672578143821,6
42.0,34.33333333333333,76.33333333333331,32.53333333333334,73.90476190476191,41.466666666666654,20.94730158730161,14.39727891156464,747.3346031746032,0.7705188179567457,-0.029015877590326682,-0.07986375249916651,6
39.66666666666666,47.00000000000002,73.66666666666666,26.07619047619048,84.2,35.476190476190474,86.77514739229021,32.4711111111111,370.74467120181396,-0.2663323899880516,0.13172255699487598,0.5833946271691429,6
19.0,8.999999999999991,26.0,9.185185185185189,42.37037037037036,16.72222222222222,40.039780521262,5.8813443072702265,47.57716049382715,0.3171630034936198,-0.6704697399191927,-1.1987684106488457,6
22.999999999999986,14.333333333333321,62.33333333333334,10.25,48.27777777777778,28.95370370370371,44.66898148148146,3.854938271604932,252.6737825788751,0.4017369018657451,-0.09043715152992532,0.2206358978326012,6
24.666666666666657,1431653246.6666667,99.0,12.092592592592592,417565567.02777785,47.77777777777778,68.75685871056243,4.0921452393830566e+17,1655.4320987654323,0.10235348358407573,0.9162873404191862,0.07503853184057183,6
18.999999999999982,63.33333333333332,15.0,8.675925925925926,95.62037037037037,5.203703703703707,34.7684327846365,5.661436899862821,24.804183813443107,0.4698239415415747,0.33431742460775155,0.5639302951191011,6
14.333333333333313,62.66666666666666,85.33333333333331,6.916666666666668,97.00925925925928,36.12037037037037,11.607253086419744,4.144975994513028,859.6367455418381,0.6636699299968633,-1.0507594619612417,0.5332347708717134,6
10.333333333333314,3.0,13.333333333333313,4.032520325203253,47.52845528455285,27.756097560975608,11.484037279397194,0.6448542534205827,17.21422433736533,0.7485761356101013,0.5231811450785746,-0.06559769435224405,7
9.666666666666657,4.666666666666671,2.999999999999972,6.146341463414633,49.30081300813007,13.991869918699186,2.3308876991208964,1.5544979840042303,38.66931059554494,-0.09196353452707737,-0.5472218103908942,-0.2334953858390647,7
35.33333333333333,5.666666666666671,90.99999999999996,11.300813008130085,38.878048780487795,48.439024390243894,92.62766871571155,184.0799788485689,1187.2327318395135,0.9685901118378464,-1.0030369697704562,0.06796135524577276,7
7.333333333333329,46.33333333333333,-5.333333333333371,3.1219512195121952,91.17073170731706,8.422764227642277,4.188379932579817,0.6293872694824514,21.165443849560422,0.26648962557322314,-0.2051070079433852,-0.15874873326656702,7
9.666666666666657,46.66666666666667,12.666666666666627,5.1300813008130115,91.4471544715447,18.048780487804876,5.110450128891531,0.5073699517482994,66.67512723907721,0.6794787392221318,0.181423264804472,0.7411556564404043,7
17.333333333333346,9.666666666666671,44.66666666666663,9.02222222222222,47.61481481481483,44.488888888888894,21.25135802469136,5.50595336076818,103.85975308641966,-0.03122216577216813,0.16753160669772693,0.3130032387041166,7
29.333333333333343,5.666666666666656,64.66666666666666,10.311111111111106,32.42962962962963,47.555555555555564,84.99950617283952,260.7438134430727,649.3827160493828,0.8859850808694977,-0.7697002596814373,0.06866643299236057,7
45.00000000000002,4.666666666666657,90.99999999999996,16.237037037037034,31.007407407407413,55.13333333333334,208.84257887517148,188.26414266117973,795.4044444444444,0.4282219101456094,-0.4854958165822357,0.12818503492762207,7
36.0,40.33333333333334,11.333333333333313,25.0,78.7037037037037,20.52592592592592,44.80987654320989,6.282578875171463,65.67648834019207,0.14797127472418029,-0.3993732071510389,-0.5233720285670554,7
38.33333333333334,39.66666666666666,25.666666666666625,30.5037037037037,77.15555555555557,28.93333333333333,17.933936899862832,6.417777777777768,157.1437037037038,-0.4944501378825508,0.3101939598148837,-0.4617607835349252,7
12.0,5.333333333333329,25.333333333333314,6.731884057971016,43.95652173913043,17.782608695652176,6.592365049359374,1.4328922495274108,40.16530140726735,0.3731586112492343,-0.6993219282772477,-1.3542700009432975,7
13.333333333333329,13.666666666666654,38.666666666666686,8.326086956521742,51.4927536231884,27.56521739130435,6.012024784709091,2.0615416929216552,60.26023944549467,0.13498240076850146,-0.11141337762030593,-0.7617534374305884,7
36.0,16.666666666666654,114.33333333333334,13.572463768115945,28.52173913043478,72.1231884057971,165.32204368830068,388.2978365889519,1736.4848246166769,0.6208605788375583,0.4029110001991997,-0.7698342749361042,7
21.333333333333343,56.0,45.33333333333334,4.731884057971015,93.0,16.78260869565217,37.906374711195156,19.888888888888886,121.83196807393404,1.7997494734332864,-2.0033693235385783,1.1151874451024653,7
16.666666666666654,57.33333333333334,61.0,7.5217391304347805,95.18115942028987,26.70289855072464,9.983826927116137,6.4865049359378295,111.05907372400759,1.5103796654556243,-2.8159867373480325,1.6482534395115307,7
7.333333333333344,2.3333333333333286,7.3333333333333135,2.6666666666666683,46.23913043478261,20.05072463768116,5.149758454106276,0.3945074564167193,2.004673387943705,0.484067873855806,0.02115451392552891,-0.5021082584150431,7
5.666666666666671,9.333333333333343,6.66666666666663,3.2536231884057973,53.10144927536233,13.847826086956523,1.4646607855492553,0.4389834068473025,12.761867254778426,-0.19139609144292288,-0.3577486805545506,0.3856269119246892,7
37.66666666666667,10.666666666666657,106.33333333333331,14.833333333333332,31.74637681159421,76.96376811594203,152.30314009661836,285.72069943289216,1430.2619722747324,0.4277154351508465,-0.006676245980446902,-0.8284248121786509,7
8.333333333333329,46.33333333333334,-6.6666666666666865,4.507246376811594,90.10144927536231,5.159420289855072,4.100189035916818,0.5645872715815996,5.863474060071411,-0.03718670017820039,-0.3126106651994561,-0.2033519742601192,7
6.333333333333344,46.33333333333334,7.0,3.630434782608696,90.07971014492752,14.579710144927533,1.836851501785344,0.7593467758874194,20.939298466708667,0.2396654786209737,-0.3421086066098346,-0.19815027575145536,7
10.666666666666657,3.666666666666672,16.666666666666632,4.924731182795701,48.00000000000002,26.35483870967742,11.531969013758804,0.5663082437275976,22.888426407677173,0.23469799314774295,-0.050462379061842574,-0.7755288454698462,8
11.666666666666654,4.333333333333344,7.666666666666656,7.741935483870968,48.08602150537635,12.064516129032262,1.6323274366978844,2.0714533472077683,41.7306046941843,1.157293799552766,-0.383093313614396,-0.07575306612657981,8
34.66666666666666,5.0,93.66666666666666,14.096774193548386,32.73118279569893,62.956989247311824,123.5999537518788,222.7556942999191,1206.7221644120712,0.21200046116849405,-0.3092277665211593,-0.6233562205105497,8
7.666666666666656,46.66666666666666,-5.0,4.387096774193549,91.25806451612905,4.053763440860213,3.6637761590935405,0.3778471499595307,8.387790496011094,0.5595239665757894,0.14799282111617426,0.5928612122563802,8
7.666666666666656,46.66666666666666,14.666666666666627,6.086021505376345,91.68817204301072,17.376344086021493,0.8241415192507817,0.2719389524800559,52.67915365938251,-0.6843380083208436,-0.05638843736975716,0.3854594485186924,8
10.666666666666686,8.0,40.666666666666686,12.747474747474744,48.464646464646464,35.98989898989899,6.42444648505256,3.164575043362923,88.85174982144676,0.29236404912115405,-0.8652014543016197,-0.3781158864000521,8
20.00000000000001,-0.6666666666666714,60.0,14.616161616161616,35.565656565656575,55.292929292929294,36.46546270788694,19.35680032649729,92.78624630139791,-0.014995101856821472,0.060533033296117686,-0.5358798060039278,8
29.0,6.666666666666671,97.66666666666666,14.151515151515152,35.14141414141414,50.81818181818182,125.2935414753597,233.3133353739414,1426.3103764921946,0.3013670484542795,-0.9247011364127437,-0.16579270835498314,8
16.666666666666686,40.33333333333333,22.0,17.737373737373733,81.54545454545455,22.16161616161617,22.321599836751318,1.7294153657789986,35.07825732068153,-0.4949943501718695,-0.5635998357675539,0.6273304417099009,8
27.00000000000001,31.00000000000001,52.666666666666686,30.22222222222223,71.69696969696972,46.69696969696969,6.913580246913574,4.231404958677697,123.45699418426693,-0.16759024710241935,-0.6952270394381266,0.13547008485990872,8
7.0,4.333333333333329,17.0,6.857142857142858,44.27619047619047,20.161904761904765,3.4938775510204017,0.9999092970521531,20.383310657596358,0.12035503052208353,0.184323101375808,-0.7578340987202123,8
9.0,11.666666666666654,21.0,7.457142857142858,52.73333333333333,22.65714285714286,5.791020408163268,0.3606349206349193,36.1681632653061,-0.08652221557649696,-0.4174723963207556,-0.5603667987464808,8
25.0,16.333333333333346,115.33333333333336,14.276190476190473,35.619047619047606,70.4095238095238,108.3078458049887,371.1056689342405,2009.0926077097506,-0.13457292444455415,-0.3719484724783838,-0.5666443495415376,8
5.666666666666671,55.0,37.33333333333337,3.39047619047619,94.24761904761904,7.580952380952381,7.818956916099775,6.364081632653072,68.58630385487531,0.4747625508142483,-2.7108248796079124,3.1668821849663678,8
17.0,57.0,60.33333333333337,9.476190476190482,94.67619047619046,32.980952380952374,11.728798185941038,7.691972789115641,145.75201814058968,1.1227994684097868,-2.2611560316703563,1.4853553889210995,8
4.666666666666657,3.3333333333333286,5.66666666666663,2.037037037037035,46.06481481481482,20.05555555555555,1.7023319615912242,0.6778978052126192,2.3981481481481413,0.18625163548071108,-0.5887149959759632,-0.6744647114997137,8
5.666666666666671,10.666666666666657,1.0,3.2592592592592586,53.62037037037038,12.14814814814815,1.3401920438957493,0.4453875171467732,5.792866941015084,0.01981132529843045,-0.5564786757321485,0.4502860095760868,8
33.66666666666667,11.666666666666654,97.66666666666666,14.120370370370367,34.03703703703704,68.33333333333334,113.7355109739369,318.92455418381354,1583.9259259259259,0.05254675798173244,-0.2441237909523983,-0.6187566870579977,8
6.666666666666671,47.33333333333334,-5.6666666666666865,3.7685185185185186,89.76851851851852,6.851851851851853,2.4495027434842265,0.881601508916324,3.5953360768175693,0.2534576008175621,-0.07440141880673315,-0.1922100401604288,8
7.666666666666656,48.0,3.3333333333333144,5.092592592592592,90.37962962962965,11.796296296296296,2.20747599451303,1.1490912208504829,9.37825788751713,-0.0015025760339168913,-0.6215921332209354,0.3151230669643205,8
9.0,3.3333333333333433,16.0,3.34959349593496,47.65040650406504,27.178861788617887,4.9861854716108205,0.5796814065701646,11.621124991737721,0.9489965148834848,0.8336635034587804,-0.06975891433756137,9
7.999999999999987,4.666666666666671,9.333333333333314,6.455284552845528,49.5040650406504,15.040650406504069,0.8713067618481051,0.9871108467182236,29.610813669112282,-0.2042427804421984,-0.4625739027509401,0.3112703759036821,9
37.66666666666666,5.000000000000013,94.66666666666666,9.75609756097561,32.22764227642276,65.06504065040649,88.78062000132195,242.69614647365987,1683.529645052548,1.7182715526596717,-0.12393974458118735,-0.580239663768245,9
7.999999999999987,47.00000000000002,-2.3333333333333144,3.7967479674796736,91.73170731707316,6.560975609756099,5.554894573335981,0.711216868266242,17.660916121356344,0.122254634334004,-0.4276186606187712,0.3930472934114964,9
8.666666666666657,46.66666666666667,10.333333333333314,4.609756097560977,91.80487804878048,12.772357723577235,5.880230021812422,0.3901117059951095,42.831647828673404,0.2695357193190425,0.055670478560928584,0.9739759074246509,9
8.666666666666657,6.333333333333329,29.666666666666625,14.444444444444446,47.907407407407405,32.23148148148148,6.895061728395063,2.2383401920438946,102.27666323731137,-0.3029439851689932,0.0224647354839024,-0.2228166124343456,9
20.33333333333333,-3.6666666666666567,71.66666666666666,14.675925925925927,33.657407407407405,63.981481481481495,87.57707475994512,30.904235253772303,140.06138545953357,-0.009301259885861222,-0.13959179881445535,0.000682308257791159,9
34.33333333333333,3.6666666666666567,96.99999999999996,16.435185185185183,26.75,63.21296296296296,120.4927126200274,324.2677469135802,1637.4885973936898,0.5948139907640128,0.003305190296870351,-0.445804085818134,9
16.333333333333314,37.66666666666666,16.333333333333314,18.027777777777782,81.26851851851849,21.30555555555555,31.039351851851837,0.8013545953360768,41.397376543209894,0.1412645312210167,0.018243448350546358,-0.09380516911366188,9
24.33333333333333,30.333333333333343,45.66666666666663,29.444444444444446,72.25925925925927,45.2037037037037,7.524691358024702,3.692043895747591,138.81035665294928,-0.1416194439266386,-0.21697059669429208,-0.02111015429427449,9
9.333333333333343,4.0,24.666666666666625,7.130434782608695,43.83333333333334,16.76086956521739,3.2293635790800312,1.0519323671497578,48.206101659315216,0.3695729936574591,-0.4567179692648853,-0.9684277003145828,9
13.0,11.666666666666671,42.333333333333314,9.70289855072464,51.137681159420296,27.913043478260864,7.339266960722535,2.1090632220121863,91.50934677588741,0.5769757319423878,-0.8764647853809163,-0.3598664867147961,9
45.66666666666667,16.66666666666667,125.66666666666664,15.108695652173916,31.0,71.81159420289855,163.1693446754884,495.463768115942,2323.350976685571,0.972700198700786,-0.05808865926443853,-0.5098076697605274,9
26.666666666666657,55.66666666666667,42.66666666666666,6.942028985507247,93.27536231884056,15.60144927536232,65.94349926486032,15.851711825246793,88.61651963873139,1.5833617572962948,-1.9417589699279536,1.4748629103362951,9
17.666666666666657,56.99999999999999,51.0,8.862318840579709,94.15942028985506,31.07971014492753,18.30229993698802,11.675068262969965,98.89944339424488,1.1425373250763449,-1.7461267574229429,0.3684925517566547,9
8.333333333333343,2.3333333333333286,11.0,2.903508771929825,45.64035087719299,18.350877192982463,4.707063711911356,0.5343951985226211,7.064019698368722,0.7640798595319988,0.3251014670436854,-0.2947332065919685,9
5.0,9.666666666666671,16.333333333333314,2.7105263157894743,52.7280701754386,14.912280701754375,1.1121114188981214,0.6424284395198571,21.67651585103113,-0.13065992941365714,-0.09209932640604106,1.0378554911608129,9
41.0,10.333333333333329,85.66666666666666,16.3859649122807,34.254385964912274,77.91228070175441,138.82763927362274,184.96160357032932,485.0858725761773,0.7295580323985857,-0.4831667136755293,-1.8073836404625503,9
7.666666666666671,46.33333333333333,-3.0,4.859649122807019,89.64912280701756,4.491228070175438,2.7346875961834405,0.5260080024622921,4.325946445060032,-0.63789655026436,0.08280237085819843,0.027899382270123674,9
5.0,46.99999999999999,13.666666666666627,3.263157894736844,90.57017543859652,10.964912280701759,0.8547245306248079,0.5550169282856264,34.23853493382575,-0.09253776153895543,-0.4554978583644443,0.6824176779577866,9
4.333333333333344,2.6666666666666714,15.333333333333373,1.5,46.66666666666667,30.642857142857146,1.1944444444444466,0.3968253968253971,24.245464852607785,0.7569198142090114,-0.06349803146557025,0.2526115967872,10
47.33333333333333,5.666666666666671,89.00000000000004,18.571428571428573,35.214285714285715,45.654761904761926,182.18140589569165,204.16043083900237,1597.78160430839,0.6431167414468524,-0.3943147984140145,0.6066117127879633,10
44.66666666666666,5.333333333333329,88.00000000000004,17.250000000000004,35.33333333333333,45.809523809523824,171.57638888888883,193.19047619047615,1655.7335600907031,0.6595558807161225,-0.3141899730366701,0.5092306651810626,10
7.333333333333329,48.00000000000002,-8.0,3.2142857142857126,91.35714285714286,7.321428571428571,5.247732426303847,0.4359410430839031,16.472080498866198,0.5391768415595165,0.6454389265535454,-0.007840208126764364,10
8.0,47.00000000000002,-5.66666666666663,4.785714285714286,91.60714285714286,14.011904761904766,2.8191609977324186,0.20677437641723612,6.702239229024949,0.5123790757872594,-0.4350680216636715,-0.1738104462116453,10
13.666666666666687,7.666666666666671,19.666666666666686,6.138888888888889,49.01388888888889,57.45833333333334,21.323302469135815,2.6803626543209917,40.026041666666686,0.5750145564701685,-0.7382848552463284,-0.6916131530860643,10
34.00000000000001,7.000000000000013,76.00000000000003,14.055555555555555,28.625,65.72222222222223,129.10802469135805,432.0584490740741,2106.5154320987654,0.2214252102964873,-0.2121628048543655,-0.025410893622608996,10
42.66666666666667,7.333333333333329,77.00000000000003,18.944444444444443,29.47222222222223,50.66666666666666,218.1820987654321,348.6751543209877,1930.75,0.02057592789042332,-0.11771971505332827,0.416675935381594,10
29.666666666666693,39.33333333333333,-8.666666666666629,24.152777777777768,79.4027777777778,14.486111111111107,23.990547839506196,3.823881172839508,81.74054783950625,-0.800516971758354,0.4070974856639775,1.0429385870167909,10
40.000000000000014,31.33333333333333,-2.0,33.236111111111114,73.5972222222222,15.361111111111107,5.68036265432099,3.0738811728395112,209.14737654320984,0.7891631084942454,-1.5336260071474963,0.7277673573467147,10
9.333333333333343,7.333333333333329,14.666666666666627,5.009803921568628,43.029411764705884,22.83333333333334,5.630622837370247,4.1200499807766215,10.975490196078443,-0.2549496314024671,-0.73318800578316,0.02417658547653496,10
52.0,16.333333333333346,112.33333333333331,16.833333333333336,26.392156862745104,77.37254901960785,260.5767973856209,466.39523260284517,2222.4167627835445,0.8163213077373708,0.1904340165975762,-0.20544528559270225,10
39.0,20.333333333333343,114.66666666666664,16.450980392156858,29.490196078431374,74.53921568627453,142.35217224144563,490.40676662822,2472.607939254133,0.1000802149650883,0.20538401605764586,-0.4144758926017675,10
29.666666666666657,53.66666666666666,29.333333333333314,25.098039215686267,84.49019607843138,29.5,4.43483275663206,21.14532871972316,127.7532679738563,-0.1924847938443857,-0.4932732347099917,-0.38332965501861865,10
28.666666666666657,49.66666666666666,29.666666666666625,23.205882352941178,84.20588235294116,28.637254901960787,7.836697424067669,5.254998077662433,149.6821414840445,-0.1133321204320194,-0.13587528277444358,-0.0695744542054443,10
2.0,3.3333333333333286,4.333333333333314,0.8641975308641989,46.925925925925924,27.296296296296298,0.3478128334095364,0.685871056241426,1.1961591220850467,0.3084620556745164,-0.7017675740585289,-0.7005088964535895,10
39.33333333333333,9.0,83.66666666666666,13.493827160493824,45.518518518518505,42.086419753086425,132.99893308946807,86.96570644718794,1769.181832037799,0.9386934632156556,-0.8166540963975273,0.5332619528551096,10
38.0,10.0,86.33333333333331,14.259259259259265,44.185185185185176,44.7283950617284,113.26200274348423,106.75171467764058,1866.7657369303454,0.8948728092780986,-0.5145421715686248,0.4169338079966832,10
11.333333333333329,46.0,-9.666666666666686,8.65432098765432,90.24691358024694,8.259259259259263,1.2056089010821496,0.0871818320377997,9.6735253772291,0.8409682312217951,-0.7488167089611325,0.2320398234112775,10
8.666666666666657,44.66666666666666,-4.333333333333371,7.679012345679013,88.74074074074072,12.148148148148145,0.3249504648681589,0.2661179698216741,12.669410150891625,-0.3241702998868242,-0.014063097952206876,0.4322695003503785,10
4.0,2.6666666666666714,19.0,1.4285714285714286,46.62698412698413,23.158730158730158,0.9115646258503384,0.2709120685311171,26.64676240866715,0.5326253208843424,0.423032408170596,0.2784660321660035,11
52.0,5.666666666666671,38.66666666666666,17.404761904761898,41.96825396825397,25.08730158730159,234.10865457294034,143.38523557571173,229.59819853867472,0.9857873651623116,-1.8371388993463131,0.13378828378350946,11
50.33333333333334,6.000000000000013,47.333333333333314,16.809523809523814,41.84126984126985,22.682539682539677,258.7944066515496,150.74200050390527,280.1584782060973,0.8611840823086051,-1.7796604986449691,0.7454181699947605,11
6.333333333333329,47.00000000000002,8.666666666666629,1.809523809523809,91.3968253968254,13.738095238095234,2.6145124716553263,0.31872008062484314,16.484315948601655,1.3687993682845183,-0.3878240652216612,-0.22350427027498065,11
7.333333333333344,47.66666666666667,3.6666666666666288,3.3809523809523814,91.58730158730155,11.523809523809524,2.854875283446708,0.2688334593096502,20.65684051398335,0.8291262359156991,0.17177605676961175,-0.4841142834562392,11
12.333333333333346,4.0,25.333333333333314,10.047619047619051,49.44761904761905,44.219047619047615,20.26122448979592,1.0472562358276645,56.65995464852606,-0.5387771784846732,-0.075754178876118,0.2591497588096865,11
47.0,0.3333333333333357,50.333333333333314,21.028571428571436,37.457142857142856,47.38095238095239,274.4912471655329,145.76562358276644,276.9151927437642,0.6150102151731759,-1.4986223376819832,0.2982947304721389,11
50.33333333333334,5.333333333333329,27.666666666666657,18.51428571428571,42.542857142857144,24.92380952380952,290.1926530612245,188.12752834467116,499.12435374149663,0.7035269540134971,-1.6911636020400689,0.44449422315184295,11
24.333333333333343,35.66666666666667,-5.6666666666666865,22.542857142857148,81.13333333333333,17.076190476190472,7.867210884353742,1.7219047619047627,27.11800453514737,0.3002092959524144,-0.37519070875119903,-0.5753610945514605,11
33.0,28.66666666666667,6.66666666666663,34.38095238095238,72.5904761904762,23.2,1.0485260770975096,2.692607709750567,212.02666666666656,-0.4954133088867978,0.354467569603815,-0.4941441406881002,11
7.6666666666666865,7.333333333333329,30.000000000000032,4.992248062015505,41.98449612403101,25.49612403100775,3.0722913286461164,2.9920076918454424,71.49029505438376,0.3288419724932309,-1.177708388563066,1.1577153831706124,11
55.66666666666667,18.66666666666667,57.666666666666686,19.589147286821703,44.65891472868218,37.28682170542636,315.11543777417234,164.007691845442,237.88930953668648,0.9094944734804976,-1.7713681592578974,0.9636685173381484,11
51.33333333333334,715826572.3333334,68.33333333333334,15.883720930232556,33294306.74418605,32.37209302325581,313.1931975241872,2.2724407017079804e+16,859.0036656450934,0.9576198243040882,4.306829516918965,0.1858517395488868,11
23.333333333333343,43.33333333333334,44.666666666666686,22.75968992248062,74.93798449612403,42.33333333333333,1.0507781984255775,6.538789736193743,54.94573643410855,-0.6184404631816397,-0.16501573957987606,0.04097189752143182,11
27.666666666666693,51.0,32.66666666666669,23.31007751937985,84.22480620155038,33.85271317829457,8.064058650321497,1.8900306471966808,48.35815155339225,-0.16488747357634995,0.033783551618325594,-0.1430893755949988,11
4.333333333333344,5.666666666666671,12.0,1.2592592592592595,45.24074074074075,25.231481481481485,1.420438957475992,1.4050068587105626,8.474194101508914,0.9949568092855792,-1.8729560289280804,-0.15919297937392748,11
56.66666666666666,14.666666666666671,43.333333333333314,19.222222222222218,45.12037037037037,22.546296296296298,347.9382716049383,213.3527949245542,355.5503257887516,0.8502312913917955,-1.7486459974161328,0.641477679585307,11
54.66666666666666,14.0,28.666666666666657,19.76851851851852,44.851851851851855,20.759259259259256,328.02357681755825,231.69410150891625,227.9296982167352,0.7554177607700802,-1.6941437652758728,0.2926841312462581,11
9.666666666666671,50.33333333333333,1.6666666666666288,7.351851851851853,90.66666666666669,6.12962962962963,2.660150891632372,0.4074074074074068,24.08196159122083,-1.9258339043705712,-0.9020387626795341,1.5257241853122292,11
9.0,49.00000000000002,24.0,7.425925925925927,89.15740740740742,18.787037037037038,1.1580932784636522,0.5030006858710585,56.494770233196185,-0.5972154311688274,0.08170617599746191,2.105832939477062,11
14.333333333333313,2.6666666666666567,28.0,5.704761904761906,47.20952380952382,26.63809523809524,27.058866213151934,0.4132426303854872,54.79600907029485,0.4933297569788452,-0.32727461147174275,-1.0828667983393638,12
22.0,6.999999999999987,25.666666666666657,7.6571428571428575,47.53333333333334,14.409523809523812,26.67609977324264,26.55365079365077,69.13070294784575,1.354773420268329,-0.8639089526898306,0.5235740521340044,12
49.333333333333314,5.333333333333329,11.666666666666687,21.800000000000004,33.09523809523809,7.847619047619046,280.2933333333333,373.5909297052154,25.564081632653107,0.4759806634371514,-0.4768021241330495,0.5608973334338462,12
11.666666666666654,51.99999999999999,14.666666666666687,4.628571428571429,93.17142857142859,12.123809523809529,10.347755102040813,3.596009070294781,45.74657596371885,0.6598972560959364,0.7773887188164017,0.1306868439797454,12
10.0,46.33333333333333,14.333333333333313,3.933333333333335,90.16190476190478,10.380952380952381,11.7193650793651,2.1166439909296977,41.76598639455782,0.8020535225107791,-0.4819643108995723,0.3567456754044089,12
15.0,11.0,49.0,13.343750000000002,48.63541666666667,25.229166666666664,11.628363715277775,5.127495659722221,199.13498263888897,0.4990911882473594,1.0178155564707567,-0.5248371004684911,12
41.66666666666666,-30.0,42.666666666666686,26.864583333333336,9.541666666666668,19.447916666666664,188.27680121527783,10.282986111111112,88.9347873263889,0.09867778346095274,-0.7860518211707342,0.3578641781579696,12
20.333333333333343,-0.3333333333333428,68.33333333333334,12.822916666666668,37.47916666666666,50.09375,44.79850260416666,9.631510416666664,150.7794053819444,0.6745187946325939,-0.4137471952689164,-1.7192158508521298,12
34.0,30.0,69.33333333333331,31.739583333333336,71.54166666666666,43.48958333333333,22.088433159722218,6.005208333333338,101.60405815972216,-0.6257759052928344,-1.1535178719155117,0.9138658477652336,12
22.0,38.33333333333334,38.0,17.03125,81.21875,20.8125,18.530273437500004,3.3097873263888977,42.284288194444436,0.6170180153758766,-1.1103641702121279,0.2821370442911708,12
21.0,9.333333333333329,47.666666666666686,13.254901960784313,41.852941176470594,18.11764705882353,32.46443675509419,5.256151480199917,123.29334871203385,-0.3522669276720019,-0.5837260874787096,0.5477368554922155,12
58.66666666666666,21.0,43.0,23.83333333333333,31.48039215686274,20.303921568627448,495.49183006535935,491.53719723183394,140.28344867358706,0.3495921451174273,-0.2224382381165517,0.0443613980773394,12
53.66666666666666,21.0,43.66666666666666,22.362745098039213,24.450980392156865,22.15686274509804,270.96318723567856,370.58746635909273,182.11918492887355,0.7137550890437429,0.4538586482415045,0.1414706024943434,12
20.33333333333333,66.66666666666666,82.33333333333334,7.598039215686273,94.81372549019608,29.303921568627448,26.612937331795457,19.556805074971148,596.015474817378,0.33035292059536264,0.015260211207030262,0.5692368864165126,12
19.333333333333343,67.0,52.66666666666666,9.215686274509805,98.40196078431372,30.990196078431374,32.36524413687042,7.194636678200696,134.40840061514805,0.22430383092314748,-0.07400724182576067,-0.25336778279451,12
13.333333333333346,4.0,43.333333333333314,7.777777777777778,46.66666666666666,21.222222222222218,14.261728395061738,0.9925925925925891,159.53580246913583,-0.7006355837977165,0.6441813362705209,0.3650430734893296,12
14.0,14.666666666666654,16.333333333333314,7.033333333333332,57.044444444444466,7.1000000000000005,18.787777777777773,3.5980246913580163,21.349259259259235,0.2935169818486883,-0.2855661758411803,0.3595931904359668,12
48.0,9.666666666666657,19.333333333333343,18.54444444444444,36.83333333333334,8.933333333333332,272.3887654320987,380.0351851851852,35.64740740740748,0.7207451574682973,-0.6823733238084456,0.2971017221697582,12
15.333333333333346,48.66666666666666,58.333333333333314,10.088888888888883,91.54444444444445,32.68888888888889,7.843950617283951,2.751728395061732,300.87358024691366,0.11695358467856785,-0.5896773922024308,-0.4506521474319459,12
11.666666666666687,45.0,8.666666666666657,4.2444444444444445,87.04444444444445,3.911111111111114,17.177283950617273,2.1461728395061708,5.362469135802477,0.6722702450110659,0.5018768009518947,0.28203695468313905,12
42.66666666666666,53.00000000000002,116.0,5.772357723577236,34.60162601626016,44.138211382113816,74.30048251702027,274.89007865688416,1065.1760195650736,2.376986659570932,-0.4984841201331206,0.7617853393448406,13
39.0,53.0,92.33333333333331,8.943089430894307,40.07317073170731,22.02439024390244,87.57128693238154,352.5935620331814,702.3002181241324,1.7881504325328923,-1.2762772658724533,1.4082227631517654,13
31.0,52.0,93.0,7.7073170731707314,42.869918699187004,25.715447154471544,40.35878114878711,198.18362086059884,723.0762112499173,2.03396150333506,-1.3877325309018915,1.2299777885041918,13
76.33333333333333,103.66666666666666,151.66666666666666,13.487804878048784,81.4390243902439,31.92682926829269,276.8189569700575,379.95901910238615,1265.6179522770835,2.1636504347255885,-2.6897361498059555,2.0203238689198404,13
43.33333333333333,90.33333333333334,98.66666666666666,10.739837398373986,68.40650406504065,31.227642276422767,102.39844008196177,719.5420715182761,724.3330028422238,1.8253696669672272,-0.7450165601597089,1.297023437146541,13
17.0,47.33333333333333,137.0,1.689655172413792,17.321839080459768,50.06896551724138,10.244682256572863,336.5477606024573,2664.577619236359,3.7703988130364356,0.4456402396976652,0.4069848325408809,13
10.666666666666671,58.0,28.666666666666693,3.0114942528735633,31.011494252873568,10.47126436781609,9.651208878319462,688.6627031311932,105.51354207953494,0.5279487183162315,-0.3075568135594229,0.33793031527289064,13
6.666666666666656,56.66666666666666,56.33333333333334,1.7586206896551717,29.85057471264368,17.770114942528735,4.167789668384199,637.3761395164488,323.6099881093936,0.9421975258568204,-0.3115390214309679,0.4408426723553891,13
14.666666666666671,90.66666666666666,53.666666666666686,4.1609195402298855,48.03448275862069,7.954022988505748,23.529660457127772,1642.2938300964456,147.43083630598503,0.9261247107067044,-0.3247028447567247,2.4377511006348858,13
20.333333333333343,87.66666666666666,62.0,5.2988505747126435,47.24137931034482,10.942528735632184,39.6884661117717,1599.3861804729818,173.65570088518962,1.0129043069939705,-0.3082673352316074,1.9433821761149948,13
10.666666666666657,40.66666666666667,94.66666666666666,8.006535947712418,27.58169934640523,63.17647058823529,6.472724165919093,197.37622282028286,1195.0734332948864,0.04631507127572665,-0.2800701815201482,-0.2534975332032989,13
29.66666666666667,54.666666666666686,67.33333333333331,9.052287581699348,45.49019607843139,33.993464052287585,87.64868213080439,124.76406510316544,445.90627536417605,1.3343640744102412,-0.8806392557671041,0.5871272498142996,13
33.0,56.33333333333334,61.333333333333314,10.947712418300656,50.46405228758171,24.928104575163406,68.29791960357127,57.172455038660345,598.2018027254475,1.8080578379157983,-0.665462752664026,0.8578408322924997,13
25.0,93.0,159.66666666666669,7.424836601307191,68.29411764705883,69.30718954248364,62.88051604083898,891.0790721517366,3958.212824127472,1.1364730666526548,-0.7309288830370816,0.4879745615236937,13
13.0,95.33333333333334,166.33333333333331,5.333333333333333,74.05228758169935,61.03921568627451,10.466230936819164,1081.7096843094537,3117.5496603870306,0.9563955381003196,-1.2778386482927857,1.0070959016676864,13
5.666666666666656,46.66666666666667,77.66666666666669,2.689393939393938,36.49242424242425,64.80303030303031,1.5373622589531737,183.17418503213958,808.4561524334251,0.015217063891708476,-1.1764108029846732,0.23525980827732385,13
7.666666666666671,61.33333333333334,-9.333333333333314,3.9621212121212133,56.38636363636362,10.545454545454543,2.859676308539947,10.479511019283738,35.333792470156105,0.1979314803323322,0.2950761186745449,0.299298344103733,13
7.0,61.33333333333334,-1.6666666666666288,3.46969696969697,56.58333333333333,10.81060606060606,2.627869605142331,9.995580808080806,43.27978650137744,0.01380068277252298,0.2828859378059283,0.6825649001161124,13
22.0,90.0,125.66666666666669,8.856060606060607,76.57575757575758,42.99242424242424,24.148473370064288,279.4159779614326,2064.3459022038564,0.6340619719664555,-1.4422438641113509,1.0996901560711894,13
31.66666666666667,88.0,65.0,17.37121212121212,75.66666666666667,19.477272727272727,40.263716712580354,337.3888888888889,435.99695821854914,0.4892177158104742,-1.5906597689296484,2.1162941199334697,13
8.333333333333329,6.333333333333344,20.333333333333314,3.519607843137255,47.411764705882355,27.43137254901961,7.7136678200692,3.072279892349096,35.33679354094584,0.39253708201657017,1.0324573158431722,-0.09118624424227904,14
8.0,6.666666666666671,17.999999999999968,5.284313725490195,49.862745098039206,14.598039215686276,2.334198385236449,0.8635140330642055,108.24692425990006,-0.19114764040363,0.1178102041606323,0.1974425416889301,14
12.666666666666654,6.000000000000013,17.999999999999968,6.7254901960784315,50.37254901960784,16.941176470588232,6.440984236831984,0.7174163783160338,85.03575547866201,0.72132625802852,-1.185916438383801,0.4945912232807777,14
20.333333333333343,49.00000000000002,17.66666666666663,11.20588235294118,89.3235294117647,11.07843137254902,52.098135332564404,8.120818915801621,84.20953479430989,-0.35429663923312754,-0.30915290681585283,0.9847179513350852,14
10.0,53.00000000000002,168.33333333333331,4.0098039215686265,84.49999999999999,51.65686274509804,3.7482698961937673,280.65522875816987,3847.8267012687434,0.7766410187154421,-2.1048085563517382,1.2812266889469268,14
8.666666666666657,7.333333333333344,41.333333333333314,4.7407407407407405,44.53086419753087,25.01234567901234,4.5294924554183815,5.343697607072092,156.020423715897,-0.235940279427102,0.20054152600424285,-0.4993706755495755,14
10.333333333333329,8.666666666666671,79.66666666666666,4.888888888888889,45.222222222222214,36.913580246913575,8.576131687242802,12.954732510288078,580.227099527511,0.2123545478415113,-0.8842801508630299,0.7445332249599358,14
13.666666666666654,8.666666666666671,34.999999999999964,7.432098765432098,48.802469135802475,20.259259259259256,20.86267337296143,0.5453436976070749,41.1796982167353,-0.1830066787740256,-1.0518027055824135,0.5742936585687416,14
24.666666666666657,50.33333333333333,14.999999999999973,15.888888888888891,89.9753086419753,6.246913580246921,28.427983539094683,2.4438347812833365,21.782655083066572,-0.13569720275064018,-0.8689284445329007,0.6050822218293953,14
18.0,58.33333333333333,173.33333333333331,10.740740740740746,81.2962962962963,56.25925925925926,16.866941015089168,268.076817558299,3565.747599451304,0.07147202083269287,-1.1037392724876287,0.6597279236664545,14
11.0,7.333333333333329,50.0,4.148148148148149,43.34567901234568,45.97530864197532,8.093278463648838,5.197378448407256,142.88004877305295,0.9010220067563032,0.16516548967507724,-0.9080465518963879,14
42.66666666666666,18.0,71.33333333333331,18.259259259259256,45.913580246913575,30.0,223.2373113854596,162.69623532998025,621.4979423868313,0.4689943392154881,-1.2624398404701336,0.7333409525906329,14
18.0,17.0,10.0,11.543209876543207,53.82716049382717,12.666666666666671,20.478585581466263,3.2376162170400797,32.67489711934158,-0.2325910408423208,0.08372890267704326,-0.3325210779358069,14
22.333333333333314,58.66666666666666,70.33333333333331,12.40740740740741,87.24691358024691,25.82716049382716,44.208504801097384,71.58512421886903,220.99893308946807,-0.1918220823713573,-0.6492876146605749,1.831518108190157,14
55.0,54.33333333333334,74.99999999999997,12.493827160493824,79.76543209876544,25.51851851851852,218.33226642280147,379.0190519737844,577.443072702332,1.5147760562292985,-1.3572228798661004,1.0583240439305968,14
9.333333333333329,2.6666666666666567,46.66666666666666,4.4,47.2,31.647619047619038,9.1415873015873,0.5726984126984108,180.25995464852608,0.3090017718831081,-0.3058869626270331,-1.0348223762308508,14
17.0,10.999999999999986,65.66666666666666,7.8,53.961904761904755,21.34285714285714,15.804444444444446,4.125532879818587,281.5903854875283,1.10140844031787,-1.0254748437912342,1.0490853575034127,14
26.333333333333343,10.666666666666671,23.0,11.695238095238096,54.12380952380953,11.847619047619045,42.82775510204083,4.311655328798182,51.90693877551017,0.7289225193096007,-1.4682503463205645,0.15636873236173013,14
16.0,46.33333333333333,12.0,12.009523809523811,90.7238095238095,5.523809523809524,7.361814058956911,1.1332426303854852,12.535147392290249,-0.7911528152156067,-1.3822110422815883,0.7503735658488531,14
17.33333333333333,53.33333333333333,174.33333333333337,9.714285714285714,85.62857142857142,39.523809523809526,22.11519274376416,87.83346938775509,2565.487528344672,-0.17348946827708486,-2.06574493878861,2.08286748225084,14
5.0,5.666666666666671,20.666666666666657,1.5833333333333346,46.975,35.666666666666664,1.4486111111111133,1.5688194444444468,36.67222222222225,1.0758070205641372,-1.3325459417416434,0.4927694628222838,15
8.666666666666671,10.333333333333329,-1.6666666666666856,5.666666666666666,52.10833333333333,12.991666666666665,3.888888888888892,0.746597222222223,25.66937499999998,-0.8765456984755751,0.08837403009658051,-0.11122127922734053,15
25.666666666666657,9.666666666666671,9.999999999999973,8.391666666666666,50.44166666666666,15.45,58.62715277777774,8.802152777777772,76.1252777777777,1.0086958054272828,-1.5848921778393366,0.4184632531899418,15
25.333333333333343,50.33333333333333,9.333333333333343,9.866666666666667,90.25,18.275,69.60444444444443,3.2152777777777732,43.9049305555556,0.4212053641083534,-0.1241847950210056,-0.21434337853757912,15
73.0,50.66666666666667,0.9999999999999716,17.991666666666667,83.08333333333334,12.55,581.1249305555555,411.2208333333333,51.53083333333334,1.3975008996881482,-1.9514698101788135,0.060530513428910415,15
9.333333333333343,7.666666666666671,15.333333333333313,3.3963963963963946,42.270270270270274,42.56756756756757,6.749776803830869,3.542569596623657,19.002191380569755,0.5190504515654334,-0.11397649499726728,-0.1559672174670321,15
10.333333333333329,14.333333333333346,-3.3333333333333433,5.288288288288289,51.288288288288285,14.702702702702705,6.799772745718689,1.178151124097067,66.85756026296573,-0.012811582053973791,-0.3114306995724763,0.26751311526548355,15
7.666666666666656,13.0,7.9999999999999725,3.7747747747747735,49.67567567567568,23.495495495495504,3.249573898222545,2.6816005194383528,102.42415388361331,0.5529511075619524,-1.0119709688157756,0.32343503378041083,15
30.666666666666657,52.66666666666666,-10.333333333333373,18.135135135135133,88.55855855855854,8.36936936936937,31.426182939696435,6.4868111354597815,38.29299569840104,0.8129780433465118,-0.8395705414337802,0.8774068188941652,15
66.33333333333334,53.33333333333334,-6.333333333333344,22.18918918918919,82.18918918918915,10.072072072072071,314.16540865189506,241.2044476909342,70.12693774855938,1.5819238746597386,-1.9844805719012997,0.9675040809384672,15
5.0,5.666666666666671,12.0,2.0851063829787244,48.48936170212766,34.58156028368794,1.732709622252404,1.8810925003772423,12.460842009959245,0.36133211956773,0.6517470192513475,-0.21841821875644848,16
9.333333333333329,5.666666666666671,19.0,5.234042553191489,43.921985815602824,19.829787234042552,7.6591720738393425,114.37925657663095,174.61878175142098,-0.5524239348656912,-1.4520054818739212,0.2931516058072194,16
9.666666666666657,6.333333333333329,26.666666666666657,3.765957446808512,44.98581560283689,18.801418439716315,6.987777274784973,79.4607917106785,186.1260499974851,0.4758129063014938,-1.4798461210505531,0.9349920517368516,16
31.333333333333343,50.66666666666667,26.999999999999968,11.390070921985819,87.21985815602837,22.28368794326241,83.63271465218048,51.1407876867361,186.2410341532116,0.7206143115863736,-0.5707705451889364,0.5665524117749364,16
32.66666666666667,50.66666666666667,-1.6666666666666856,8.48936170212766,92.29078014184395,8.404255319148936,83.98983954529453,22.125848800362157,53.86258236507217,1.5046810182415489,-1.3998060417012734,0.8035333030231815,16
4.333333333333344,8.666666666666671,22.666666666666657,1.3641975308641965,44.82716049382715,40.481481481481474,1.1533683889650967,3.254077122389876,41.212620027434824,1.06272892711151,1.0940673309380358,-0.23442944510385785,16
8.333333333333329,8.333333333333343,29.333333333333314,4.895061728395062,38.49382716049383,22.73456790123457,3.6083295229385737,130.04008535284257,219.28551287913425,-0.2860956830091418,-0.8811214212476183,0.6835326446562133,16
10.666666666666657,10.333333333333343,36.66666666666666,5.2654320987654275,39.64814814814815,23.401234567901238,6.845183661027282,101.86591220850485,271.21555403139763,0.08549714569295379,-0.3035321417273029,0.8647961832155864,16
20.333333333333343,52.0,-3.6666666666666856,14.790123456790118,90.2777777777778,13.382716049382713,8.137021795458006,5.307613168724274,31.355586038713607,-0.4679612729623453,-0.5706142670337356,-0.2919090344814403,16
18.333333333333343,56.0,-5.6666666666666865,13.777777777777779,92.24691358024691,8.524691358024691,9.333333333333336,5.704465782655084,38.352270995275134,-1.5521084199038393,0.0791975911763314,0.7823769429863057,16
7.6666666666666865,7.666666666666656,14.666666666666654,8.014492753623188,45.71739130434783,44.97826086956522,3.3137996219281685,3.758296576349504,14.349768956101654,0.6298595413868749,-0.3734579695477453,0.7398747727280587,16
4.666666666666671,11.666666666666671,25.666666666666657,6.3188405797101455,44.0072463768116,25.44927536231884,3.279983196807392,89.86709724847721,216.88510817055248,-0.7252637216124003,-0.8380698200034418,1.214642643820072,16
5.0,14.666666666666671,3.0,4.920289855072466,46.71014492753624,17.920289855072465,2.88495064062172,86.5729888678849,89.02504725897923,-0.11527195526730895,-0.8027000358043725,0.791347400133208,16
13.666666666666687,51.33333333333333,2.6666666666666856,8.492753623188408,78.68115942028986,16.391304347826086,21.90695232094098,169.20268851081713,134.01596303297632,0.328768458805459,-1.3534767647142298,0.8622590478147322,16
24.66666666666667,57.99999999999999,-2.0,18.02898550724637,92.81159420289856,18.833333333333336,43.89771056500737,14.399285864314216,80.2934782608696,0.06445473892276672,0.18830004186257046,0.041887980862247966,16
5.0,5.0,7.666666666666656,1.864864864864865,47.567567567567565,32.67567567567568,1.966723480236994,1.4946838730622518,2.9038227416605715,0.6895575010908772,0.7471209273897834,-0.20379006392622045,16
10.0,9.333333333333329,14.666666666666687,4.306306306306306,41.66666666666667,24.15315315315315,6.590861131401672,95.57957957957953,114.42399155912676,0.3870706040559077,0.2149336218730343,-0.022361875458351846,16
10.0,10.666666666666671,16.333333333333346,4.333333333333334,43.65765765765767,23.432432432432428,5.165165165165176,112.66958850742633,249.78297216135059,0.5510298748311837,-0.3283082359739777,-0.08591701754504999,16
12.666666666666671,48.33333333333333,-13.666666666666654,7.567567567567567,91.73873873873873,5.954954954954952,14.71990909828748,0.9377485593701816,13.382355328301283,-0.42507553232277984,-0.4529709015854447,0.6723417208124957,16
15.0,49.33333333333333,-1.999999999999972,7.792792792792794,91.41441441441441,9.0990990990991,17.15526337147959,4.783215648080514,44.26345264183104,0.05335422674515432,-0.32800228892617084,0.5889920903559168,16
20.666666666666657,34.66666666666666,63.666666666666686,6.7898550724637685,46.28260869565218,26.80434782608696,32.82298886788489,28.26554295316109,171.48104389834072,1.4208183108071344,-2.401680720538702,0.11201504279062434,17
31.66666666666667,41.66666666666667,39.0,7.144927536231883,53.28985507246376,18.615942028985504,28.41377861793742,12.824196597353511,103.82592942659106,2.501649621644014,0.8265251985358854,0.11793274349765526,17
50.0,33.33333333333333,73.00000000000003,18.144927536231886,31.195652173913047,29.2391304347826,282.3268220961982,499.53901491283335,642.3075509346777,0.4280619213627998,-0.17834174416037207,0.4295261193042392,17
56.66666666666667,92.33333333333331,76.66666666666667,10.70289855072464,100.07971014492756,30.768115942028984,148.66293845830708,51.64340474690192,340.9075824406637,1.9397374550716495,0.17220543117787984,0.7752297115671151,17
18.0,79.33333333333333,76.0,9.499999999999998,93.30434782608695,24.77536231884057,13.44323671497586,3.313169502205415,421.5558181054399,0.024355681080854483,0.6135910390087043,1.0391695148015068,17
20.333333333333314,14.0,20.666666666666657,6.2269503546099285,46.985815602836865,36.81560283687944,34.39293798098687,14.713746793420858,33.077108797344195,1.1440228702135715,0.7807731384699895,-0.3219598547034738,17
24.0,6.666666666666671,41.66666666666666,6.801418439716313,43.80141843971632,29.43971631205674,46.2347970424023,15.109501534128064,166.79955736632962,1.2620714428756952,-0.9600206514515272,0.13792916239848174,17
34.0,11.666666666666671,83.0,10.347517730496453,36.340425531914896,38.0709219858156,134.22202102509928,295.52950052814236,939.091896785876,0.7761198563558437,-0.7437637281916858,1.0275670920250195,17
13.666666666666654,77.33333333333336,33.999999999999986,8.262411347517732,102.89361702127658,22.460992907801405,14.642724209043806,94.37402545143604,323.03807655550526,-0.4271205962844207,0.3829967614827121,0.6167332392151085,17
17.0,54.66666666666667,46.333333333333314,9.900709219858154,92.97872340425529,24.992907801418443,33.42276545445398,3.6945827674664247,413.3072783059201,-0.4935629481867351,-0.8959098572571838,1.0796184795140922,17
35.333333333333314,10.666666666666671,35.33333333333334,12.73737373737374,44.92929292929293,31.808080808080806,117.1835526987042,9.641465156616666,81.32680338740944,0.7628282965042249,-1.335087013075135,-0.6374547486626682,17
39.99999999999999,17.33333333333333,69.66666666666666,13.959595959595962,36.77777777777777,32.57575757575758,152.2475257626773,252.71156004489345,447.26782981328455,0.8961324523290473,-0.4722728876603486,0.5803976206837924,17
48.33333333333333,16.66666666666667,110.66666666666666,25.494949494949488,29.35353535353536,48.989898989899,236.7752270176513,332.06019793898577,1053.6800326497294,-0.20078073418029674,-0.2524103058899649,0.14637742393601166,17
36.66666666666666,63.66666666666667,66.0,19.151515151515152,91.3232323232323,39.48484848484848,93.67064585246405,66.49484746454446,514.1756963575148,-0.051191753111874065,-0.3112477609581356,0.09164517423303298,17
47.99999999999999,48.66666666666667,86.33333333333334,28.90909090909091,74.03030303030303,49.343434343434346,103.14661769207224,41.98898071625342,925.4039383736356,0.2117653298815792,0.4445459393275237,-0.2373510403121849,17
29.666666666666657,12.333333333333346,36.66666666666666,7.56060606060606,45.62121212121212,26.14393939393939,71.02915518824608,7.543388429752071,63.95150367309456,1.325113274176284,-1.937337353436266,-1.3947379930381598,17
16.66666666666667,23.33333333333333,23.333333333333343,6.810606060606061,52.712121212121204,16.348484848484848,16.395948117539028,18.502984389348036,18.474517906336086,0.4434839411271881,-0.5805962213006344,-0.04121056800291191,17
48.66666666666667,20.33333333333333,120.33333333333334,22.15909090909091,31.76515151515151,43.81818181818181,247.2398415977962,344.13929063360877,759.5932047750232,0.12978253591160285,-0.0012350481465282304,0.7014960578016792,17
13.0,60.66666666666667,42.666666666666686,5.984848484848485,92.59848484848484,17.113636363636363,13.166437098255276,1.982724977043162,134.98961202938483,0.3534192946554606,1.4053535594227642,0.7196958678263674,17
17.333333333333346,55.00000000000002,44.333333333333314,8.34848484848485,87.7121212121212,21.35606060606061,13.83815426997245,5.9373278236914535,143.3050390266299,-0.2913121384400625,-1.3032995143649104,0.5658162182233551,17
23.333333333333343,9.0,39.33333333333334,7.284552845528459,48.82926829268293,22.227642276422767,49.791658404388926,3.604997025580015,148.68530636525878,0.7969261319414204,0.3532394194944782,-0.25996529922558,18
29.333333333333343,8.666666666666671,102.33333333333334,8.34959349593496,42.642276422764226,37.65853658536585,52.352039130147396,116.67420186396984,667.5202591050299,1.6354410019518066,-1.9894167863262096,0.3750293090812231,18
31.666666666666657,715826567.6666667,107.66666666666669,11.382113821138216,52377593.56097562,32.52845528455285,97.73203780818295,3.474983685909008e+16,848.4334721395993,0.7168115757115809,3.2780503405358887,1.2676653305597352,18
14.333333333333329,69.33333333333333,71.0,6.284552845528453,100.47154471544715,29.894308943089428,18.978650274307615,72.08116861656418,396.0457399695949,0.25202248767916857,0.17608084557700587,0.8679466813681609,18
9.666666666666657,51.99999999999999,62.666666666666686,5.406504065040653,93.21951219512195,21.47967479674797,6.701963117192157,2.030405182100598,326.2495868861127,0.008434039612106285,-0.9032498530109858,1.2915514957212932,18
23.33333333333333,8.333333333333329,37.33333333333334,6.9649122807017525,46.973684210526294,29.166666666666664,48.92859341335795,4.125038473376422,71.46637426900591,1.2179454063680155,0.6053084189176139,-0.8832122837384666,18
33.0,11.0,97.66666666666669,8.412280701754389,41.41228070175438,41.49122807017543,48.31832871652816,191.29493690366263,564.7586949830719,2.4115358355139267,-1.1474330039863063,0.9422592532345301,18
35.0,12.666666666666671,107.33333333333334,11.42982456140351,40.37719298245615,34.368421052631575,130.37957833179436,314.7729301323484,1643.197599261311,0.6458013976444119,-0.9131026722344036,1.0074577869564814,18
9.666666666666657,67.0,34.66666666666669,4.719298245614035,100.7894736842105,17.868421052631586,7.079101261926741,46.973222530009224,107.09087411511238,-0.06556162709541773,-0.16739314342296482,0.43029866032716935,18
13.0,51.66666666666666,76.0,7.798245614035085,92.68421052631581,32.38596491228069,17.605493998153275,1.835949522930128,618.4709141274238,-0.4429471058552779,-0.2543340250704352,0.6716546883748347,18
13.0,7.333333333333344,11.666666666666687,4.500000000000001,48.13888888888889,46.027777777777786,14.231481481481474,3.730709876543216,12.656635802469161,0.8314539636214392,0.7934557925904947,-0.11877088462022108,18
33.0,11.000000000000014,44.666666666666686,14.055555555555555,49.61111111111111,45.25,137.64506172839504,52.34876543209872,713.5763888888887,0.5173236834603072,-0.6089712129552045,0.21151029743434294,18
27.666666666666657,12.666666666666671,40.000000000000014,13.75,50.69444444444446,26.833333333333343,60.798611111111114,118.08256172839505,488.1018518518518,0.7583962155897538,-1.5923760502592217,1.3919189182100584,18
27.333333333333343,59.66666666666667,22.0,16.916666666666668,101.58333333333331,27.805555555555554,45.372685185185176,3.3541666666666665,312.87885802469134,0.38609532611215786,-0.027696611185667314,0.6292983916237981,18
29.666666666666657,67.33333333333333,34.00000000000001,24.361111111111107,100.5277777777778,42.33333333333334,6.119598765432094,23.43441358024688,276.40740740740745,0.5120936371245095,1.297196216638788,0.6051687208111114,18
41.0,13.0,45.333333333333314,10.866666666666665,43.98,28.91333333333333,125.52888888888887,11.041822222222216,153.01693333333338,1.4120368416864864,-1.364112022444189,-0.6429338872883279,18
32.33333333333333,22.0,123.66666666666666,11.953333333333333,47.43333333333334,37.64666666666667,75.22226666666667,121.57888888888886,1384.9084888888888,0.7567743505685216,-2.084484940225504,0.9791126082313664,18
39.33333333333333,715826577.6666667,114.33333333333331,13.133333333333333,14316577.56,34.60666666666666,123.52444444444444,1.0043190385463114e+16,1010.265288888889,0.6932618047326536,6.8571428571426605,0.9533480916346804,18
25.66666666666667,60.33333333333333,37.66666666666663,5.8133333333333335,91.26666666666668,15.16,48.69404444444446,4.968888888888891,123.12106666666664,1.9177750101857416,-1.1006629845437648,0.6359279817541955,18
12.666666666666654,58.66666666666667,64.66666666666663,5.36,89.02,21.620000000000005,11.114844444444447,7.090711111111116,367.6533777777775,0.2838483524140513,-1.1583935731599873,1.180192122124487,18
17.0,35.33333333333334,95.66666666666666,4.509433962264153,35.0503144654088,71.44654088050314,22.987856493018466,159.5949527313002,1329.1611882441355,1.2521500207814291,-0.1824822744760982,-0.04719366281027624,19
49.66666666666666,41.66666666666667,8.333333333333313,17.79245283018868,43.23899371069182,11.20125786163522,284.4915153672718,204.94497844230847,49.95530240101264,0.7101673056725163,-1.1564571736830629,0.6590808169983025,19
49.66666666666667,41.000000000000014,-1.3333333333333428,16.383647798742135,43.855345911949684,7.880503144654088,252.38321268937145,200.8071674379969,26.407104149361192,0.9487043818645112,-1.5247160370106425,0.4002542399863277,19
25.333333333333343,77.66666666666667,29.999999999999968,13.528301886792455,80.57861635220125,23.591194968553463,46.34563506190418,59.47233099956489,169.24377991376915,-0.13352730316886102,0.14086463401410682,0.8946611406127445,19
9.666666666666657,80.33333333333333,27.333333333333343,3.044025157232705,90.35849056603772,20.729559748427675,5.0609548672916365,7.944859776116448,105.94572999485787,0.5349912762116552,-0.3428880388869521,0.25743244351531885,19
19.0,16.66666666666667,48.33333333333334,7.313131313131312,36.97979797979798,57.23232323232322,40.90194878073667,29.070298949086823,238.11774308744003,0.6904964037051012,-0.6483487355905311,0.481872678254473,19
47.0,28.666666666666657,-0.9999999999999716,21.54545454545455,41.292929292929294,16.262626262626267,310.1065197428834,145.58085909601058,116.05223956739107,0.22791363317008997,-0.9501121329913916,0.28722372154990355,19
46.66666666666666,26.333333333333343,-14.666666666666654,20.818181818181817,39.070707070707066,14.292929292929294,291.9400061218243,232.9343944495459,34.79971431486581,0.1945941572635623,-1.176109606545097,-0.7104173823118878,19
14.0,63.0,1.6666666666666856,4.242424242424244,86.10101010101009,17.242424242424242,16.67523722069177,3.706968676665645,163.06580961126426,1.0531073814390672,-0.3701378057984728,0.25736751287616805,19
9.0,62.0,-8.666666666666629,4.373737373737374,86.45454545454545,14.74747474747475,11.23742475257627,0.4903581267217612,41.549025609631656,0.05030041360062957,0.4364700652600561,0.2633441685582689,19
21.333333333333314,12.333333333333329,77.0,7.802469135802469,42.91975308641976,42.75308641975308,45.21612559061115,10.481214753848494,533.2847126962353,0.8004875324644012,-0.1669842664186547,-0.38087664981574665,19
47.0,21.33333333333333,81.33333333333334,19.037037037037038,33.19135802469136,33.154320987654316,176.67352537722905,326.22469897881433,259.52556774881873,0.7601211425470782,-0.36103496620623415,1.1496062306047592,19
40.99999999999999,19.66666666666667,95.66666666666666,14.629629629629632,42.23456790123456,38.96296296296296,112.323731138546,129.92028654168573,393.1262002743482,0.6649471192443657,-0.975306358695332,0.7461538556007941,19
33.0,65.66666666666667,47.0,11.25925925925926,92.93209876543207,11.364197530864198,32.99039780521262,49.824607529340064,165.8200350556317,2.00652600692806,-0.38849443872058986,1.481059194966502,19
34.0,68.99999999999999,50.666666666666686,16.580246913580247,97.06790123456793,25.895061728395056,122.25590611187314,12.734072549916169,134.20092211553114,0.3216860418860799,-1.027470646598177,0.04002011349737788,19
18.666666666666657,13.0,58.66666666666666,6.1933333333333325,43.1,36.926666666666655,21.302622222222226,7.9433333333333325,159.9168444444445,0.958179096736686,-0.3376696919214443,-0.2575329772641611,19
50.66666666666666,17.0,84.66666666666666,27.719999999999995,25.6,51.28666666666667,282.85048888888895,303.1244444444444,497.58226666666667,-0.142597368055958,0.013263758322098586,-0.41957804233087104,19
57.33333333333333,19.333333333333343,71.33333333333334,26.04000000000001,28.506666666666664,29.54,298.58951111111105,244.5832888888889,560.4884,0.6139192373094331,-0.1250857444874627,0.5470333912485235,19
11.333333333333329,57.66666666666666,53.333333333333314,4.46,89.43333333333334,22.41333333333333,6.995066666666663,6.263333333333329,155.10026666666667,0.4774913409749017,-1.1340048054973502,1.0323457738024575,19
47.0,53.33333333333334,35.333333333333314,6.946666666666667,87.80666666666666,23.106666666666666,113.26382222222223,9.662622222222227,143.80195555555557,2.8831445765380885,-2.7300895222838952,-0.4930083419223297,19
28.333333333333343,45.33333333333334,115.66666666666666,9.658914728682172,39.302325581395344,48.32558139534883,52.798389519860585,149.52358632293738,1213.521903731747,0.685701392872879,-1.0020584466473317,0.35803444793072325,20
18.666666666666657,46.00000000000002,44.0,6.968992248062014,49.689922480620154,16.449612403100776,18.691544979268066,3.304368727840873,181.78234481100898,0.6600305564406858,-0.5679413849580134,1.0259706144007428,20
28.0,48.33333333333333,109.0,7.837209302325581,39.87596899224806,34.775193798449614,66.4101916952106,297.4729884021393,1274.179436331951,1.175583687334533,-1.1249644026627657,0.9819079120700736,20
19.66666666666667,103.66666666666669,79.33333333333331,9.170542635658917,92.68217054263565,31.124031007751928,31.175049576347572,122.83696893215557,632.3722132083408,0.010966754076665036,-0.3326777829106837,0.6970091231694858,20
20.0,90.33333333333331,102.66666666666666,4.48062015503876,89.33333333333334,32.7906976744186,17.097169641247522,12.511627906976722,744.2998617871523,1.777543335849301,-1.739941188184752,0.8787989192340759,20
10.0,43.33333333333333,113.66666666666666,1.333333333333333,10.904761904761903,31.0,5.641723356009072,264.7936507936507,1649.428571428571,2.1889897985198865,1.106152342164469,0.8111975184488299,20
24.33333333333333,50.33333333333334,82.33333333333331,2.272108843537415,15.6734693877551,10.102040816326529,18.76495904484242,485.3128788930537,314.05534730899154,3.09797808745178,0.7785748208335276,2.266473508410539,20
12.0,56.66666666666666,21.666666666666657,1.142857142857144,21.224489795918366,3.5510204081632653,4.82086167800454,656.4189920866307,32.3653107501504,2.9881619765542995,0.3889118251630143,1.653721894435673,20
37.33333333333334,82.0,72.0,3.6258503401360542,28.6530612244898,7.095238095238094,49.58563561479016,1268.4125133046416,159.4240362811791,3.047115872898793,0.5162405024520518,3.0885653658556733,20
13.666666666666654,80.0,172.0,3.3401360544217686,24.6734693877551,19.421768707482997,20.260724698042484,1178.8230829746865,2078.7382109306313,0.7946676558464241,0.7834541258094578,2.5645813731627607,20
39.0,23.666666666666657,32.66666666666669,23.777777777777782,37.616161616161605,31.676767676767675,145.15600448933782,55.0109172533415,99.80124477094179,-0.35574932946083593,-0.4187677318352278,-0.33666610280818915,20
39.0,32.999999999999986,107.33333333333334,10.05050505050505,40.75757575757576,42.81818181818182,105.03111927354351,227.13988368533825,1081.1992653810837,1.4646892203575077,-1.0155706689301989,0.8012751785276219,20
45.66666666666667,32.999999999999986,98.66666666666669,19.555555555555557,36.494949494949495,51.62626262626264,210.46240179573516,252.78869503111926,1519.6010611162126,0.4634098092634973,-0.5701625651525107,0.3648135515259043,20
11.0,81.99999999999999,23.0,5.202020202020202,99.21212121212122,16.777777777777775,10.147740026527902,11.608203244566877,122.1189674523008,0.5030404849244936,0.5859010462710621,0.3050811328828911,20
30.666666666666657,79.66666666666667,53.0,14.01010101010101,86.06060606060606,27.616161616161623,107.4174063871034,346.00979491888586,463.1455973880215,0.4949148896637234,-1.0947285316402364,0.4299214993776611,20
16.666666666666654,47.66666666666667,100.0,6.958333333333332,36.888888888888886,49.923611111111114,23.63252314814814,190.6820987654321,1100.7881462191356,0.7992699268234297,-1.4425767011264037,0.6006885074113528,20
13.999999999999984,56.66666666666666,43.66666666666666,4.0,49.91666666666666,13.437499999999998,12.259259259259258,30.14583333333334,107.75535300925922,1.2215927925912755,-1.822663004401988,1.7838567149397977,20
36.333333333333314,61.66666666666666,108.66666666666669,11.111111111111114,42.36805555555557,40.52777777777778,114.59413580246913,310.72796103395063,1893.5177469135806,0.9638533363804036,-0.6644438231924886,0.8232819595536127,20
21.666666666666657,91.66666666666666,114.33333333333334,6.9305555555555545,86.24305555555556,23.07638888888889,17.272955246913575,113.85064621913584,513.3807388117285,1.2363933050040081,-3.3379554821174446,2.3044913736895984,20
15.0,91.33333333333334,113.00000000000004,3.7638888888888884,84.29166666666667,26.305555555555554,10.805362654320977,120.58159722222223,715.8695987654323,2.1404117581378364,-2.7556729553432904,1.7593987714800348,20
